fec_id,name,state,district,party,office,incumbent_challenge,candidate_status,twitter_id,bioguide_id
H4NC12100,"ADAMS, ALMA SHEALEY",NC,12,DEMOCRATIC PARTY,House,Incumbent,N,2916086925,A000370
H4NC12100,"ADAMS, ALMA SHEALEY",NC,12,DEMOCRATIC PARTY,House,Incumbent,N,2147483647,A000370
H4NC12100,"ADAMS, ALMA SHEALEY",NC,12,DEMOCRATIC PARTY,House,Incumbent,N,1609364557,A000370
H6AL04098,"ADERHOLT, ROBERT B. REP.",AL,04,REPUBLICAN PARTY,House,Incumbent,N,76452765,A000055
H2CA31125,"AGUILAR, PETE",CA,33,DEMOCRATIC PARTY,House,Incumbent,C,3018670151,A000371
H2CA31125,"AGUILAR, PETE",CA,33,DEMOCRATIC PARTY,House,Incumbent,C,768489333393272832,A000371
H2CA31125,"AGUILAR, PETE",CA,33,DEMOCRATIC PARTY,House,Incumbent,C,2147483647,A000371
H2CA31125,"AGUILAR, PETE",CA,33,DEMOCRATIC PARTY,House,Incumbent,C,41533245,A000371
H2GA12121,"ALLEN, RICHARD W",GA,12,REPUBLICAN PARTY,House,Incumbent,C,2964287128,A000372
H2GA12121,"ALLEN, RICHARD W",GA,12,REPUBLICAN PARTY,House,Incumbent,C,2147483647,A000372
H2GA12121,"ALLEN, RICHARD W",GA,12,REPUBLICAN PARTY,House,Incumbent,C,385111151,A000372
H8TX32098,"ALLRED, COLIN",TX,32,DEMOCRATIC PARTY,House,Incumbent,C,1078355119920562176,A000376
H8TX32098,"ALLRED, COLIN",TX,32,DEMOCRATIC PARTY,House,Incumbent,C,346964561,A000376
H4AS00036,"AMATA, AUMUA",AS,00,REPUBLICAN PARTY,House,Incumbent,N,3026622545,R000600
H2NV02395,"AMODEI, MARK EUGENE",NV,02,REPUBLICAN PARTY,House,Incumbent,C,85689484,NA
H2NV02395,"AMODEI, MARK EUGENE",NV,02,REPUBLICAN PARTY,House,Incumbent,C,402719755,NA
H0IA01174,"ARENHOLZ, ASHLEY HINSON",IA,02,REPUBLICAN PARTY,House,Incumbent,C,1340783304304410624,H001091
H0IA01174,"ARENHOLZ, ASHLEY HINSON",IA,02,REPUBLICAN PARTY,House,Incumbent,C,18189966,H001091
H8ND00096,"ARMSTRONG, KELLY",ND,00,REPUBLICAN PARTY,House,Incumbent,C,1080515866255593472,A000377
H8ND00096,"ARMSTRONG, KELLY",ND,00,REPUBLICAN PARTY,House,Incumbent,C,964996994623311872,A000377
H6TX19099,"ARRINGTON, JODEY",TX,19,REPUBLICAN PARTY,House,Incumbent,N,816284664658874368,A000375
H6TX19099,"ARRINGTON, JODEY",TX,19,REPUBLICAN PARTY,House,Incumbent,N,3609064098,A000375
H0MA04192,"AUCHINCLOSS, JAKE",MA,04,DEMOCRATIC PARTY,House,Incumbent,C,1330278736554582016,A000148
H0MA04192,"AUCHINCLOSS, JAKE",MA,04,DEMOCRATIC PARTY,House,Incumbent,C,4870048156,A000148
H8IA03124,"AXNE, CINDY",IA,03,DEMOCRATIC PARTY,House,Incumbent,P,1080865917377097728,A000378
H8IA03124,"AXNE, CINDY",IA,03,DEMOCRATIC PARTY,House,Incumbent,P,867495243482058752,A000378
H6TX02079,"BABIN, BRIAN",TX,36,REPUBLICAN PARTY,House,Incumbent,C,2929491549,B001291
H6TX02079,"BABIN, BRIAN",TX,36,REPUBLICAN PARTY,House,Incumbent,C,2147483647,B001291
H6NE02125,"BACON, DONALD J",NE,02,REPUBLICAN PARTY,House,Incumbent,C,818975124460335104,B001298
H6NE02125,"BACON, DONALD J",NE,02,REPUBLICAN PARTY,House,Incumbent,C,3109108467,B001298
H8IN04199,"BAIRD, JAMES R DR.",IN,04,REPUBLICAN PARTY,House,Incumbent,C,1086316494450032640,B001307
H8IN04199,"BAIRD, JAMES R DR.",IN,04,REPUBLICAN PARTY,House,Incumbent,C,123563657,B001307
H8OH12180,"BALDERSON, WILLIAM TROY",OH,12,REPUBLICAN PARTY,House,Incumbent,N,1037341536592310272,B001306
H8OH12180,"BALDERSON, WILLIAM TROY",OH,12,REPUBLICAN PARTY,House,Incumbent,N,603083228,B001306
H2VT01076,"BALINT, REBECCA 'BECCA'",VT,00,DEMOCRATIC PARTY,House,Incumbent,C,1606115178210365440,B001318
H2VT01076,"BALINT, REBECCA 'BECCA'",VT,00,DEMOCRATIC PARTY,House,Incumbent,C,1210894642465501184,B001318
H6IN03229,"BANKS, JAMES E HON.",IN,03,REPUBLICAN PARTY,House,Incumbent,N,816131319033950208,B001299
H6IN03229,"BANKS, JAMES E HON.",IN,03,REPUBLICAN PARTY,House,Incumbent,N,14836282,B001299
H6CA44103,"BARRAGAN, NANETTE",CA,44,DEMOCRATIC PARTY,House,Incumbent,C,816833925456789504,B001300
H6CA44103,"BARRAGAN, NANETTE",CA,44,DEMOCRATIC PARTY,House,Incumbent,C,303633791,B001300
H0KY06104,"BARR, GARLAND ANDY",KY,06,REPUBLICAN PARTY,House,Incumbent,C,1089334250,B001282
H0KY06104,"BARR, GARLAND ANDY",KY,06,REPUBLICAN PARTY,House,Incumbent,C,115186195,B001282
H0CA33117,"BASS, KAREN",CA,37,DEMOCRATIC PARTY,House,Incumbent,P,113494390,B001270
H0CA33117,"BASS, KAREN",CA,37,DEMOCRATIC PARTY,House,Incumbent,P,239949176,B001270
H2FL04211,"BEAN, AARON P.",FL,04,REPUBLICAN PARTY,House,Incumbent,N,1604927550081359872,B001314
H2FL04211,"BEAN, AARON P.",FL,04,REPUBLICAN PARTY,House,Incumbent,N,24317646,B001314
H2OH03125,"BEATTY, JOYCE",OH,03,DEMOCRATIC PARTY,House,Incumbent,C,1531521632,B001281
H2OH03125,"BEATTY, JOYCE",OH,03,DEMOCRATIC PARTY,House,Incumbent,C,582070020,B001281
H0OR02127,"BENTZ, CLIFF",OR,02,REPUBLICAN PARTY,House,Incumbent,C,1345788865911656448,B000668
H0OR02127,"BENTZ, CLIFF",OR,02,REPUBLICAN PARTY,House,Incumbent,C,1216104257989963776,B000668
H0CA03078,"BERA, AMERISH",CA,06,DEMOCRATIC PARTY,House,Incumbent,C,950783972,B001287
H0CA03078,"BERA, AMERISH",CA,06,DEMOCRATIC PARTY,House,Incumbent,C,43986986,B001287
H6MI01226,"BERGMAN, JOHN",MI,01,REPUBLICAN PARTY,House,Incumbent,N,815241612154417152,B001301
H6MI01226,"BERGMAN, JOHN",MI,01,REPUBLICAN PARTY,House,Incumbent,N,751799352755052544,B001301
H4VA08224,"BEYER, DONALD STERNOFF JR.",VA,08,DEMOCRATIC PARTY,House,Incumbent,C,2962868158,B001292
H4VA08224,"BEYER, DONALD STERNOFF JR.",VA,08,DEMOCRATIC PARTY,House,Incumbent,C,2147483647,B001292
H0OK05205,"BICE, STEPHANIE",OK,05,REPUBLICAN PARTY,House,Incumbent,C,1344260196227555328,B000740
H0OK05205,"BICE, STEPHANIE",OK,05,REPUBLICAN PARTY,House,Incumbent,C,32289500,B000740
H6AZ05083,"BIGGS, ANDY",AZ,05,REPUBLICAN PARTY,House,Incumbent,C,816652616625168384,B001302
H6AZ05083,"BIGGS, ANDY",AZ,05,REPUBLICAN PARTY,House,Incumbent,C,702601370344402944,B001302
H6FL09070,"BILIRAKIS, GUS M",FL,12,REPUBLICAN PARTY,House,Incumbent,C,26051676,B001257
H6FL09070,"BILIRAKIS, GUS M",FL,12,REPUBLICAN PARTY,House,Incumbent,C,95236960,B001257
H0NC09187,"BISHOP, JAMES DANIEL",NC,08,REPUBLICAN PARTY,House,Incumbent,C,1176522535531360256,B001311
H0NC09187,"BISHOP, JAMES DANIEL",NC,08,REPUBLICAN PARTY,House,Incumbent,C,1912799826,B001311
H2GA02031,"BISHOP, SANFORD",GA,02,DEMOCRATIC PARTY,House,Incumbent,C,249410485,B000490
H6OR03064,"BLUMENAUER, EARL",OR,03,DEMOCRATIC PARTY,House,Incumbent,N,137823987,B000574
H6OR03064,"BLUMENAUER, EARL",OR,03,DEMOCRATIC PARTY,House,Incumbent,N,15954997,B000574
H6DE00206,"BLUNT ROCHESTER, LISA",DE,00,DEMOCRATIC PARTY,House,Incumbent,C,817050219007328256,B001303
H6DE00206,"BLUNT ROCHESTER, LISA",DE,00,DEMOCRATIC PARTY,House,Incumbent,C,4049197462,B001303
H0CO03165,"BOEBERT, LAUREN",CO,03,REPUBLICAN PARTY,House,Incumbent,C,1342989756611907584,B000825
H0CO03165,"BOEBERT, LAUREN",CO,03,REPUBLICAN PARTY,House,Incumbent,C,1201670995435646976,B000825
H2OR01133,"BONAMICI, SUZANNE MS.",OR,01,DEMOCRATIC PARTY,House,Incumbent,C,558769636,B001278
H4IL12060,"BOST, MICHAEL",IL,12,REPUBLICAN PARTY,House,Incumbent,N,2964877294,B001295
H4IL12060,"BOST, MICHAEL",IL,12,REPUBLICAN PARTY,House,Incumbent,N,2147483647,B001295
H8GA07201,"BOURDEAUX, CAROLYN",GA,07,DEMOCRATIC PARTY,House,Incumbent,P,881222783170228224,B001312
H0NY16143,"BOWMAN, JAMAAL",NY,16,DEMOCRATIC PARTY,House,Incumbent,C,1344389506963808256,B001223
H0NY16143,"BOWMAN, JAMAAL",NY,16,DEMOCRATIC PARTY,House,Incumbent,C,1138076821533155328,B001223
H4PA13199,"BOYLE, BRENDAN F",PA,02,DEMOCRATIC PARTY,House,Incumbent,N,4304448314,B001296
H4PA13199,"BOYLE, BRENDAN F",PA,02,DEMOCRATIC PARTY,House,Incumbent,N,231108733,B001296
H4PA13199,"BOYLE, BRENDAN F",PA,02,DEMOCRATIC PARTY,House,Incumbent,N,1544281483,B001296
H6TX08100,"BRADY, KEVIN",TX,08,REPUBLICAN PARTY,House,Incumbent,P,19926675,B000755
H0AL05163,"BROOKS, MO",AL,05,REPUBLICAN PARTY,House,Incumbent,P,237299871,B001274
H6MD04209,"BROWN, ANTHONY",MD,04,DEMOCRATIC PARTY,House,Incumbent,P,823552974253342720,B001304
H6MD04209,"BROWN, ANTHONY",MD,04,DEMOCRATIC PARTY,House,Incumbent,P,1378000346,B001304
H2CA00120,"BROWNLEY, JULIA",CA,26,DEMOCRATIC PARTY,House,Incumbent,C,1243902714,B001285
H2CA00120,"BROWNLEY, JULIA",CA,26,DEMOCRATIC PARTY,House,Incumbent,C,44251742,B001285
H2OH11169,"BROWN, M SHONTEL",OH,11,DEMOCRATIC PARTY,House,Incumbent,N,1456381091598700544,B001313
H2OH11169,"BROWN, M SHONTEL",OH,11,DEMOCRATIC PARTY,House,Incumbent,N,20609133,B001313
H6FL13148,"BUCHANAN, VERNON",FL,16,REPUBLICAN PARTY,House,Incumbent,C,20467163,B001260
H4CO04090,"BUCK, KENNETH R",CO,04,REPUBLICAN PARTY,House,Incumbent,N,34959770,NA
H0IN08114,"BUCSHON, LARRY D.",IN,08,REPUBLICAN PARTY,House,Incumbent,C,234812598,B001275
H0IN08114,"BUCSHON, LARRY D.",IN,08,REPUBLICAN PARTY,House,Incumbent,C,80956768,B001275
H6NC13129,"BUDD, THEODORE P.",NC,13,REPUBLICAN PARTY,House,Incumbent,P,817138492614524928,B001305
H2IL13153,"BUDZINSKI, NIKKI",IL,13,DEMOCRATIC PARTY,House,Incumbent,C,1603476713995911168,B001315
H8TN02119,"BURCHETT, TIM",TN,02,REPUBLICAN PARTY,House,Incumbent,C,1028854804087492608,B001309
H8TN02119,"BURCHETT, TIM",TN,02,REPUBLICAN PARTY,House,Incumbent,C,353890966,B001309
H2TX26093,"BURGESS, MICHAEL C. DR.",TX,26,REPUBLICAN PARTY,House,Incumbent,C,15751083,B001248
H2TX26093,"BURGESS, MICHAEL C. DR.",TX,26,REPUBLICAN PARTY,House,Incumbent,C,1272912622942388224,B001248
H2MO07143,"BURLISON, ERIC",MO,07,REPUBLICAN PARTY,House,Incumbent,N,1606342594765590528,B001316
H8MO01143,"BUSH, CORI",MO,01,DEMOCRATIC PARTY,House,Incumbent,C,1002630999052865536,B001224
H8MO01143,"BUSH, CORI",MO,01,DEMOCRATIC PARTY,House,Incumbent,C,4696552878,B001224
H2IL17071,"BUSTOS, CHERI",IL,17,DEMOCRATIC PARTY,House,Incumbent,P,1092979962,B001286
H2CA37023,"CALVERT, KEN",CA,41,REPUBLICAN PARTY,House,Incumbent,C,22545491,C000059
H2CA37023,"CALVERT, KEN",CA,41,REPUBLICAN PARTY,House,Incumbent,C,138553197,C000059
H0FL03175,"CAMMACK, KAT",FL,03,REPUBLICAN PARTY,House,Incumbent,N,1344325638983987200,C001039
H0FL03175,"CAMMACK, KAT",FL,03,REPUBLICAN PARTY,House,Incumbent,N,1214912699311837184,C001039
H0UT01114,"CANNON, TINA",UT,01,REPUBLICAN PARTY,House,Challenger,P,1484252226646421504,NA
H2CO08020,"CARAVEO, YADIRA",CO,08,DEMOCRATIC PARTY,House,Incumbent,C,1610302050474102784,C001134
H2CO08020,"CARAVEO, YADIRA",CO,08,DEMOCRATIC PARTY,House,Incumbent,C,4750779374,C001134
H6CA24303,"CARBAJAL, SALUD O.",CA,24,DEMOCRATIC PARTY,House,Incumbent,C,816157667882373120,C001112
H6CA24303,"CARBAJAL, SALUD O.",CA,24,DEMOCRATIC PARTY,House,Incumbent,C,3237898542,C001112
H2CA28113,"CARDENAS, TONY",CA,29,DEMOCRATIC PARTY,House,Incumbent,C,1222257180,C001097
H2CA28113,"CARDENAS, TONY",CA,29,DEMOCRATIC PARTY,House,Incumbent,C,2543742324,C001097
H2CA28113,"CARDENAS, TONY",CA,29,DEMOCRATIC PARTY,House,Incumbent,C,155049169,C001097
H2OH15228,"CAREY, MIKE",OH,15,REPUBLICAN PARTY,House,Incumbent,C,1457745193197780992,C001126
H2OH15228,"CAREY, MIKE",OH,15,REPUBLICAN PARTY,House,Incumbent,C,1393186215466254336,C001126
H0AL01055,"CARL, JERRY LEE, JR",AL,01,REPUBLICAN PARTY,House,Incumbent,C,1341091420439015424,C001054
H0AL01055,"CARL, JERRY LEE, JR",AL,01,REPUBLICAN PARTY,House,Incumbent,C,2237925464,C001054
H8IN07184,"CARSON, ANDRE",IN,07,DEMOCRATIC PARTY,House,Incumbent,N,199325935,C001072
H8IN07184,"CARSON, ANDRE",IN,07,DEMOCRATIC PARTY,House,Incumbent,N,267316393,C001072
H4GA01039,"CARTER, EARL LEROY",GA,01,REPUBLICAN PARTY,House,Incumbent,C,2973870195,C001103
H4GA01039,"CARTER, EARL LEROY",GA,01,REPUBLICAN PARTY,House,Incumbent,C,295712099,C001103
H4GA01039,"CARTER, EARL LEROY",GA,01,REPUBLICAN PARTY,House,Incumbent,C,2147483647,C001103
H4GA01039,"CARTER, EARL LEROY",GA,01,REPUBLICAN PARTY,House,Incumbent,C,1406691746,C001103
H2TX31044,"CARTER, JOHN R REP.",TX,31,REPUBLICAN PARTY,House,Incumbent,C,18030431,C001051
H2TX31044,"CARTER, JOHN R REP.",TX,31,REPUBLICAN PARTY,House,Incumbent,C,404355121,C001051
H2TX31044,"CARTER, JOHN R REP.",TX,31,REPUBLICAN PARTY,House,Incumbent,C,81139286,C001051
H2LA02149,"CARTER, TROY A. SR.",LA,02,DEMOCRATIC PARTY,House,Challenger,C,1352760304271241216,C001125
H2LA02149,"CARTER, TROY A. SR.",LA,02,DEMOCRATIC PARTY,House,Challenger,C,18582998,C001125
H2PA17079,"CARTWRIGHT, MATTHEW A.",PA,08,DEMOCRATIC PARTY,House,Incumbent,C,776664410,C001090
H2PA17079,"CARTWRIGHT, MATTHEW A.",PA,08,DEMOCRATIC PARTY,House,Incumbent,C,472315803,C001090
H2TX35144,"CASAR, GREG",TX,35,DEMOCRATIC PARTY,House,Incumbent,C,1499512178013057024,C001131
H2TX35144,"CASAR, GREG",TX,35,DEMOCRATIC PARTY,House,Incumbent,C,1683515731,C001131
H2HI02128,"CASE, EDWARD",HI,01,DEMOCRATIC PARTY,House,Incumbent,N,1081350574589833216,C001055
H2HI02128,"CASE, EDWARD",HI,01,DEMOCRATIC PARTY,House,Incumbent,N,21737536,C001055
H8IL06139,"CASTEN, SEAN",IL,06,DEMOCRATIC PARTY,House,Incumbent,C,1083472286089396224,C001117
H8IL06139,"CASTEN, SEAN",IL,06,DEMOCRATIC PARTY,House,Incumbent,C,955598085526360064,C001117
H8IL06139,"CASTEN, SEAN",IL,06,DEMOCRATIC PARTY,House,Incumbent,C,66804351,C001117
H6FL11126,"CASTOR, KATHY",FL,14,DEMOCRATIC PARTY,House,Incumbent,C,756123897783808000,NA
H6FL11126,"CASTOR, KATHY",FL,14,DEMOCRATIC PARTY,House,Incumbent,C,1880674038,NA
H2TX35011,"CASTRO, JOAQUIN",TX,20,DEMOCRATIC PARTY,House,Incumbent,C,231510077,C001091
H2TX35011,"CASTRO, JOAQUIN",TX,20,DEMOCRATIC PARTY,House,Incumbent,C,323440720,C001091
H0NC11233,"CAWTHORN, DAVID MADISON",NC,11,REPUBLICAN PARTY,House,Incumbent,P,1207874097251639296,C001104
H8OH01043,"CHABOT, STEVE",OH,01,REPUBLICAN PARTY,House,Incumbent,P,23775782,C000266
H8OH01043,"CHABOT, STEVE",OH,01,REPUBLICAN PARTY,House,Incumbent,P,237750442,C000266
H2OR05209,"CHAVEZ-DEREMER, LORI",OR,05,REPUBLICAN PARTY,House,Incumbent,N,1583530102297600000,C001135
H2OR05209,"CHAVEZ-DEREMER, LORI",OR,05,REPUBLICAN PARTY,House,Incumbent,N,4833263702,C001135
H6WY00159,"CHENEY, ELIZABETH MRS.",WY,00,REPUBLICAN PARTY,House,Incumbent,P,816719802328715264,C001109
H6WY00159,"CHENEY, ELIZABETH MRS.",WY,00,REPUBLICAN PARTY,House,Incumbent,P,98471035,C001109
H8FL20032,"CHERFILUS-MCCORMICK, SHEILA",FL,20,DEMOCRATIC PARTY,House,Incumbent,N,988942485828308992,C001127
H0CA32101,"CHU, JUDY",CA,28,DEMOCRATIC PARTY,House,Incumbent,N,193732179,C001080
H0CA32101,"CHU, JUDY",CA,28,DEMOCRATIC PARTY,House,Incumbent,N,793208286,C001080
H0RI01073,"CICILLINE, DAVID",RI,01,DEMOCRATIC PARTY,House,Incumbent,C,462143773,C001084
H0RI01073,"CICILLINE, DAVID",RI,01,DEMOCRATIC PARTY,House,Incumbent,C,23593446,C001084
H2AZ02360,"CISCOMANI, JUAN",AZ,06,REPUBLICAN PARTY,House,Incumbent,C,1603530970593775616,C001133
H2AZ02360,"CISCOMANI, JUAN",AZ,06,REPUBLICAN PARTY,House,Incumbent,C,62874548,C001133
H4NY11138,"CLARKE, YVETTE D",NY,09,DEMOCRATIC PARTY,House,Incumbent,C,240812994,C001067
H4NY11138,"CLARKE, YVETTE D",NY,09,DEMOCRATIC PARTY,House,Incumbent,C,550131748,C001067
H4MA05084,"CLARK, KATHERINE",MA,05,DEMOCRATIC PARTY,House,Incumbent,C,2293131060,C001101
H4MA05084,"CLARK, KATHERINE",MA,05,DEMOCRATIC PARTY,House,Incumbent,C,2147483647,C001101
H4MA05084,"CLARK, KATHERINE",MA,05,DEMOCRATIC PARTY,House,Incumbent,C,1344624558,C001101
H4MO05234,"CLEAVER, EMANUEL II",MO,05,DEMOCRATIC PARTY,House,Incumbent,N,163570705,C001061
H4MO05234,"CLEAVER, EMANUEL II",MO,05,DEMOCRATIC PARTY,House,Incumbent,N,801478506,C001061
H8VA06104,"CLINE, BENJAMIN LEE",VA,06,REPUBLICAN PARTY,House,Incumbent,C,1072158357237174272,C001118
H8VA06104,"CLINE, BENJAMIN LEE",VA,06,REPUBLICAN PARTY,House,Incumbent,C,40264497,C001118
H8TX27049,"CLOUD, MICHAEL",TX,27,REPUBLICAN PARTY,House,Incumbent,C,1039879658400112640,C001115
H8TX27049,"CLOUD, MICHAEL",TX,27,REPUBLICAN PARTY,House,Incumbent,C,23725826,C001115
H2SC02042,"CLYBURN, JAMES E.",SC,06,DEMOCRATIC PARTY,House,Incumbent,N,188019606,C000537
H2SC02042,"CLYBURN, JAMES E.",SC,06,DEMOCRATIC PARTY,House,Incumbent,N,2389877058,C000537
H0GA09246,"CLYDE, ANDREW",GA,09,REPUBLICAN PARTY,House,Incumbent,N,1357017361568694272,C001116
H6TN09068,"COHEN, STEVE I MR.",TN,09,DEMOCRATIC PARTY,House,Incumbent,N,162069635,C001068
H6TN09068,"COHEN, STEVE I MR.",TN,09,DEMOCRATIC PARTY,House,Incumbent,N,34884583,C001068
H4NJ12149,"COLEMAN, BONNIE WATSON",NJ,12,DEMOCRATIC PARTY,House,Incumbent,C,2968451607,W000822
H4NJ12149,"COLEMAN, BONNIE WATSON",NJ,12,DEMOCRATIC PARTY,House,Incumbent,C,1473761198,W000822
H2OK04055,"COLE, TOM",OK,04,REPUBLICAN PARTY,House,Incumbent,C,23124635,C001053
H2OK04055,"COLE, TOM",OK,04,REPUBLICAN PARTY,House,Incumbent,C,57438769,C001053
H4GA10071,"COLLINS, MICHAEL A JR",GA,10,REPUBLICAN PARTY,House,Incumbent,N,1601030771124408320,C001129
H4GA10071,"COLLINS, MICHAEL A JR",GA,10,REPUBLICAN PARTY,House,Incumbent,N,1421384162,C001129
H6KY01110,"COMER, JAMES",KY,01,REPUBLICAN PARTY,House,Incumbent,C,1274852794206388224,C001108
H6KY01110,"COMER, JAMES",KY,01,REPUBLICAN PARTY,House,Incumbent,C,838462994,C001108
H8VA11062,"CONNOLLY, GERALD EDWARD",VA,11,DEMOCRATIC PARTY,House,Incumbent,C,78445977,C001078
H8VA11062,"CONNOLLY, GERALD EDWARD",VA,11,DEMOCRATIC PARTY,House,Incumbent,C,125706625,C001078
H2TN05131,"COOPER, JAMES",TN,05,DEMOCRATIC PARTY,House,Incumbent,P,22523087,NA
H6CA46116,"CORREA, LOU",CA,46,DEMOCRATIC PARTY,House,Incumbent,C,815985039485837312,C001110
H6CA46116,"CORREA, LOU",CA,46,DEMOCRATIC PARTY,House,Incumbent,C,746481056145018880,C001110
H4CA20082,"COSTA, JIM",CA,21,DEMOCRATIC PARTY,House,Incumbent,N,245451804,C001059
H2CT02112,"COURTNEY, JOSEPH",CT,02,DEMOCRATIC PARTY,House,Incumbent,C,85396297,C001069
H2CT02112,"COURTNEY, JOSEPH",CT,02,DEMOCRATIC PARTY,House,Incumbent,C,183351637,C001069
H6MN02131,"CRAIG, ANGELA DAWN",MN,02,DEMOCRATIC PARTY,House,Incumbent,N,1080222360643485696,C001119
H6MN02131,"CRAIG, ANGELA DAWN",MN,02,DEMOCRATIC PARTY,House,Incumbent,N,411861905,C001119
H2AZ01354,"CRANE, ELI",AZ,02,REPUBLICAN PARTY,House,Incumbent,C,1608891205902794752,C001132
H2AZ01354,"CRANE, ELI",AZ,02,REPUBLICAN PARTY,House,Incumbent,C,1415011405544177664,C001132
H0AR01083,"CRAWFORD, ERIC ALAN RICK",AR,01,REPUBLICAN PARTY,House,Incumbent,C,233693291,C001087
H0AR01083,"CRAWFORD, ERIC ALAN RICK",AR,01,REPUBLICAN PARTY,House,Incumbent,C,50918998,C001087
H8TX02166,"CRENSHAW, DANIEL",TX,02,REPUBLICAN PARTY,House,Incumbent,C,1080894931311431680,C001120
H8TX02166,"CRENSHAW, DANIEL",TX,02,REPUBLICAN PARTY,House,Incumbent,C,930552552302792704,C001120
H6FL13205,"CRIST, CHARLIE JOSEPH",FL,13,DEMOCRATIC PARTY,House,Incumbent,C,816030424778543104,C001111
H2TX30178,"CROCKETT, JASMINE",TX,30,DEMOCRATIC PARTY,House,Incumbent,C,1609974443631157248,C001130
H2TX30178,"CROCKETT, JASMINE",TX,30,DEMOCRATIC PARTY,House,Incumbent,C,918913624395079680,C001130
H8CO06229,"CROW, JASON",CO,06,DEMOCRATIC PARTY,House,Incumbent,C,1080191866509901824,C001121
H8CO06229,"CROW, JASON",CO,06,DEMOCRATIC PARTY,House,Incumbent,C,851477335052140544,C001121
H2TX23082,"CUELLAR, HENRY R.",TX,28,DEMOCRATIC PARTY,House,Incumbent,C,210926192,C001063
H2TX23082,"CUELLAR, HENRY R.",TX,28,DEMOCRATIC PARTY,House,Incumbent,C,1239664741,C001063
H8UT03238,"CURTIS, JOHN",UT,03,REPUBLICAN PARTY,House,Incumbent,C,931614483050414080,C001114
H8UT03238,"CURTIS, JOHN",UT,03,REPUBLICAN PARTY,House,Incumbent,C,26057209,C001114
H6OH08315,"DAVIDSON, WARREN",OH,08,REPUBLICAN PARTY,House,Incumbent,C,742735530287304704,D000626
H6OH08315,"DAVIDSON, WARREN",OH,08,REPUBLICAN PARTY,House,Incumbent,C,4624539143,D000626
H8KS03155,"DAVIDS, SHARICE",KS,03,DEMOCRATIC PARTY,House,Incumbent,C,1080516116395499520,D000629
H8KS03155,"DAVIDS, SHARICE",KS,03,DEMOCRATIC PARTY,House,Incumbent,C,950952511556538368,D000629
H4IL07037,"DAVIS, DANNY K. MR.",IL,07,DEMOCRATIC PARTY,House,Incumbent,N,789244177,D000096
H4IL07037,"DAVIS, DANNY K. MR.",IL,07,DEMOCRATIC PARTY,House,Incumbent,N,1217134603267399680,D000096
H2NC02287,"DAVIS, DON",NC,01,DEMOCRATIC PARTY,House,Incumbent,N,226330560,D000230
H2IL13120,"DAVIS, RODNEY L",IL,15,REPUBLICAN PARTY,House,Incumbent,P,993153006,D000619
H2IL13120,"DAVIS, RODNEY L",IL,15,REPUBLICAN PARTY,House,Incumbent,P,586076955,D000619
H8PA04116,"DEAN, MADELEINE",PA,04,DEMOCRATIC PARTY,House,Incumbent,C,567508925,D000631
H8PA04116,"DEAN, MADELEINE",PA,04,DEMOCRATIC PARTY,House,Incumbent,C,935717078966964224,D000631
H6OR04047,"DEFAZIO, PETER A",OR,04,DEMOCRATIC PARTY,House,Incumbent,P,252249233,NA
H6CO01141,"DEGETTE, DIANA L",CO,01,DEMOCRATIC PARTY,House,Incumbent,C,28599820,D000197
H6CO01141,"DEGETTE, DIANA L",CO,01,DEMOCRATIC PARTY,House,Incumbent,C,952540201,D000197
H0CT03072,"DELAURO, ROSA L",CT,03,DEMOCRATIC PARTY,House,Incumbent,C,140519774,D000216
H0CT03072,"DELAURO, ROSA L",CT,03,DEMOCRATIC PARTY,House,Incumbent,C,893496121,D000216
H0WA08046,"DELBENE, SUZAN K",WA,01,DEMOCRATIC PARTY,House,Incumbent,C,995193054,D000617
H0WA08046,"DELBENE, SUZAN K",WA,01,DEMOCRATIC PARTY,House,Incumbent,C,41225640,D000617
H8NY19181,"DELGADO, ANTONIO",NY,19,DEMOCRATIC PARTY,House,Incumbent,C,829061809135030272,D000630
H2PA17103,"DELUZIO, CHRISTOPHER",PA,17,DEMOCRATIC PARTY,House,Incumbent,C,1608934316779921408,D000530
H2PA17103,"DELUZIO, CHRISTOPHER",PA,17,DEMOCRATIC PARTY,House,Incumbent,C,227073090,D000530
H0CA10073,"DESAULNIER, MARK",CA,10,DEMOCRATIC PARTY,House,Incumbent,C,2968007206,D000623
H0CA10073,"DESAULNIER, MARK",CA,10,DEMOCRATIC PARTY,House,Incumbent,C,2147483647,D000623
H0CA10073,"DESAULNIER, MARK",CA,10,DEMOCRATIC PARTY,House,Incumbent,C,30252303,D000623
H0TN04195,"DESJARLAIS, SCOTT HON.",TN,04,REPUBLICAN PARTY,House,Incumbent,N,235312723,D000616
H0TN04195,"DESJARLAIS, SCOTT HON.",TN,04,REPUBLICAN PARTY,House,Incumbent,N,27775884,D000616
H2NY04277,"DESPOSITO, ANTHONY P",NY,04,REPUBLICAN PARTY,House,Incumbent,C,1608215359462559744,D000632
H2NY04277,"DESPOSITO, ANTHONY P",NY,04,REPUBLICAN PARTY,House,Incumbent,C,2689507912,D000632
H2FL25018,"DIAZ-BALART, MARIO",FL,26,REPUBLICAN PARTY,House,Incumbent,N,37094727,D000600
H2FL25018,"DIAZ-BALART, MARIO",FL,26,REPUBLICAN PARTY,House,Incumbent,N,374816353,D000600
H4MI12079,"DINGELL, DEBBIE",MI,06,DEMOCRATIC PARTY,House,Incumbent,C,2970279814,D000624
H4MI12079,"DINGELL, DEBBIE",MI,06,DEMOCRATIC PARTY,House,Incumbent,C,2147483647,D000624
H4TX10028,"DOGGETT, LLOYD",TX,37,DEMOCRATIC PARTY,House,Incumbent,C,153944899,D000399
H4TX10028,"DOGGETT, LLOYD",TX,37,DEMOCRATIC PARTY,House,Incumbent,C,170111219,D000399
H4PA18131,"DOYLE, MICHAEL",PA,18,DEMOCRATIC PARTY,House,Incumbent,P,39249305,D000482
H0SC03077,"DUNCAN, JEFFREY D MR.",SC,03,REPUBLICAN PARTY,House,Incumbent,C,240393970,D000615
H0SC03077,"DUNCAN, JEFFREY D MR.",SC,03,REPUBLICAN PARTY,House,Incumbent,C,21048033,D000615
H6FL02208,"DUNN, NEAL PATRICK MD, FACS",FL,02,REPUBLICAN PARTY,House,Incumbent,C,815952318487298048,D000628
H6FL02208,"DUNN, NEAL PATRICK MD, FACS",FL,02,REPUBLICAN PARTY,House,Incumbent,C,3433189197,D000628
H2NC14050,"EDWARDS, CHUCK",NC,11,REPUBLICAN PARTY,House,Incumbent,C,1602748099792879616,E000246
H2NC14050,"EDWARDS, CHUCK",NC,11,REPUBLICAN PARTY,House,Incumbent,C,838404430793953280,E000246
H8TX06266,"ELLZEY, JOHN KEVIN SR.",TX,06,REPUBLICAN PARTY,House,Incumbent,C,1366523868253458432,E000071
H8TX06266,"ELLZEY, JOHN KEVIN SR.",TX,06,REPUBLICAN PARTY,House,Incumbent,C,2178511998,E000071
H4MN06087,"EMMER, THOMAS EARL JR.",MN,06,REPUBLICAN PARTY,House,Incumbent,C,2914515430,E000294
H4MN06087,"EMMER, THOMAS EARL JR.",MN,06,REPUBLICAN PARTY,House,Incumbent,C,2147483647,E000294
H4MN06087,"EMMER, THOMAS EARL JR.",MN,06,REPUBLICAN PARTY,House,Incumbent,C,72431423,E000294
H8TX16109,"ESCOBAR, VERONICA",TX,16,DEMOCRATIC PARTY,House,Incumbent,N,1075517806551154688,E000299
H8TX16109,"ESCOBAR, VERONICA",TX,16,DEMOCRATIC PARTY,House,Incumbent,N,38960144,E000299
H8CA12098,"ESHOO, ANNA G",CA,16,DEMOCRATIC PARTY,House,Incumbent,N,249348006,E000215
H8CA12098,"ESHOO, ANNA G",CA,16,DEMOCRATIC PARTY,House,Incumbent,N,482713734,E000215
H2NY13096,"ESPAILLAT, ADRIANO",NY,13,DEMOCRATIC PARTY,House,Incumbent,C,817076257770835968,E000297
H2NY13096,"ESPAILLAT, ADRIANO",NY,13,DEMOCRATIC PARTY,House,Incumbent,C,1704971276,E000297
H2NY13096,"ESPAILLAT, ADRIANO",NY,13,DEMOCRATIC PARTY,House,Incumbent,C,182217410,E000297
H8KS04112,"ESTES, RON",KS,04,REPUBLICAN PARTY,House,Incumbent,C,854715071116849152,E000298
H8KS04112,"ESTES, RON",KS,04,REPUBLICAN PARTY,House,Incumbent,C,722555010588872704,E000298
H6PA02171,"EVANS, DWIGHT",PA,03,DEMOCRATIC PARTY,House,Incumbent,C,90639372,E000296
H6PA02171,"EVANS, DWIGHT",PA,03,DEMOCRATIC PARTY,House,Incumbent,C,4069841354,E000296
H2MS04258,"EZELL, WALTER MICHAEL",MS,04,REPUBLICAN PARTY,House,Incumbent,N,1602788004749344768,E000235
H0TX04219,"FALLON, PATRICK",TX,04,REPUBLICAN PARTY,House,Incumbent,C,1343258042704527360,F000246
H0IA04145,"FEENSTRA, RANDALL",IA,04,REPUBLICAN PARTY,House,Incumbent,C,1345135363761852416,F000446
H0IA04145,"FEENSTRA, RANDALL",IA,04,REPUBLICAN PARTY,House,Incumbent,C,23764160,F000446
H6GA03113,"FERGUSON, ANDERSON DREW IV",GA,03,REPUBLICAN PARTY,House,Incumbent,C,806583915012046848,F000465
H6GA03113,"FERGUSON, ANDERSON DREW IV",GA,03,REPUBLICAN PARTY,House,Incumbent,C,694984534249594880,F000465
H2MN01223,"FINSTAD, BRAD",MN,01,REPUBLICAN PARTY,House,Incumbent,N,1563316176717246464,F000475
H2MN01223,"FINSTAD, BRAD",MN,01,REPUBLICAN PARTY,House,Incumbent,N,3221588438,F000475
H0MN07091,"FISCHBACH, MICHELLE",MN,07,REPUBLICAN PARTY,House,Incumbent,C,1344375287484723200,F000470
H0MN07091,"FISCHBACH, MICHELLE",MN,07,REPUBLICAN PARTY,House,Incumbent,C,1159929043816460288,F000470
H0WI05113,"FITZGERALD, SCOTT",WI,05,REPUBLICAN PARTY,House,Incumbent,C,1004891731,F000471
H0WI05113,"FITZGERALD, SCOTT",WI,05,REPUBLICAN PARTY,House,Incumbent,C,1169399788539928576,F000471
H6PA08277,"FITZPATRICK, BRIAN",PA,01,REPUBLICAN PARTY,House,Incumbent,C,816303263586914304,F000466
H6PA08277,"FITZPATRICK, BRIAN",PA,01,REPUBLICAN PARTY,House,Incumbent,C,2147483647,F000466
H0TN03254,"FLEISCHMANN, CHARLES J",TN,03,REPUBLICAN PARTY,House,Incumbent,C,235190657,F000459
H0TN03254,"FLEISCHMANN, CHARLES J",TN,03,REPUBLICAN PARTY,House,Incumbent,C,50036176,F000459
H8TX07140,"FLETCHER, ELIZABETH",TX,07,DEMOCRATIC PARTY,House,Incumbent,C,1075904377221722112,F000468
H8TX07140,"FLETCHER, ELIZABETH",TX,07,DEMOCRATIC PARTY,House,Incumbent,C,857009033882083328,F000468
H2NE01118,"FLOOD, MIKE",NE,01,REPUBLICAN PARTY,House,Incumbent,C,1547025742529167360,F000474
H2NE01118,"FLOOD, MIKE",NE,01,REPUBLICAN PARTY,House,Incumbent,C,1487156409028558848,F000474
H8IL14067,"FOSTER, G. WILLIAM (BILL)",IL,11,DEMOCRATIC PARTY,House,Incumbent,C,1080509366,NA
H8IL14067,"FOSTER, G. WILLIAM (BILL)",IL,11,DEMOCRATIC PARTY,House,Incumbent,C,188403766,NA
H2NC06114,"FOUSHEE, VALERIE",NC,04,DEMOCRATIC PARTY,House,Incumbent,C,1611471154732060672,F000477
H2NC06114,"FOUSHEE, VALERIE",NC,04,DEMOCRATIC PARTY,House,Incumbent,C,822521744661458944,F000477
H4NC05146,"FOXX, VIRGINIA ANN",NC,05,REPUBLICAN PARTY,House,Incumbent,C,16256269,F000450
H4NC05146,"FOXX, VIRGINIA ANN",NC,05,REPUBLICAN PARTY,House,Incumbent,C,61608485,F000450
H2FL14053,"FRANKEL, LOIS J.",FL,22,DEMOCRATIC PARTY,House,Incumbent,C,1077121945,NA
H2FL14053,"FRANKEL, LOIS J.",FL,22,DEMOCRATIC PARTY,House,Incumbent,C,349296252,NA
H0FL15104,"FRANKLIN, SCOTT MR.",FL,18,REPUBLICAN PARTY,House,Incumbent,C,1343664721384398848,F000472
H0FL15104,"FRANKLIN, SCOTT MR.",FL,18,REPUBLICAN PARTY,House,Incumbent,C,1247958910025203712,F000472
H2FL10259,"FROST, MAXWELL ALEJANDRO",FL,10,DEMOCRATIC PARTY,House,Incumbent,C,1608494113174822912,F000476
H2FL10259,"FROST, MAXWELL ALEJANDRO",FL,10,DEMOCRATIC PARTY,House,Incumbent,C,67309671,F000476
H2SC07280,"FRY, RUSSELL",SC,07,REPUBLICAN PARTY,House,Incumbent,C,1603514304354983936,F000478
H2SC07280,"FRY, RUSSELL",SC,07,REPUBLICAN PARTY,House,Incumbent,C,58784217,F000478
H8OH11141,"FUDGE, MARCIA L.",OH,11,DEMOCRATIC PARTY,House,Incumbent,N,153486399,F000455
H8ID01124,"FULCHER, RUSSELL",ID,01,REPUBLICAN PARTY,House,Incumbent,N,1078741899572240384,F000469
H8ID01124,"FULCHER, RUSSELL",ID,01,REPUBLICAN PARTY,House,Incumbent,N,172944579,F000469
H6FL01119,"GAETZ, MATT",FL,01,REPUBLICAN PARTY,House,Incumbent,C,818948638890217472,G000578
H6FL01119,"GAETZ, MATT",FL,01,REPUBLICAN PARTY,House,Incumbent,C,58579942,G000578
H6WI08155,"GALLAGHER, MICHAEL JOHN",WI,08,REPUBLICAN PARTY,House,Incumbent,N,815966620300480512,G000579
H6WI08155,"GALLAGHER, MICHAEL JOHN",WI,08,REPUBLICAN PARTY,House,Incumbent,N,1558285818,G000579
H4AZ07043,"GALLEGO, RUBEN",AZ,03,DEMOCRATIC PARTY,House,Incumbent,C,2966570782,G000574
H4AZ07043,"GALLEGO, RUBEN",AZ,03,DEMOCRATIC PARTY,House,Incumbent,C,2147483647,G000574
H4AZ07043,"GALLEGO, RUBEN",AZ,03,DEMOCRATIC PARTY,House,Incumbent,C,49217025,G000574
H0CA10149,"GARAMENDI, JOHN",CA,08,DEMOCRATIC PARTY,House,Incumbent,C,88806753,G000559
H0CA10149,"GARAMENDI, JOHN",CA,08,DEMOCRATIC PARTY,House,Incumbent,C,18907463,G000559
H0NY02234,"GARBARINO, ANDREW",NY,02,REPUBLICAN PARTY,House,Incumbent,C,1344349650447433728,G000597
H0NY02234,"GARBARINO, ANDREW",NY,02,REPUBLICAN PARTY,House,Incumbent,C,1222594021547290624,G000597
H8IL04134,"GARCIA, JESUS",IL,04,DEMOCRATIC PARTY,House,Incumbent,N,1082427779583541248,G000586
H8IL04134,"GARCIA, JESUS",IL,04,DEMOCRATIC PARTY,House,Incumbent,N,2847603597,G000586
H0CA25105,"GARCIA, MICHAEL",CA,27,REPUBLICAN PARTY,House,Incumbent,C,1262531473057423360,G000061
H0CA25105,"GARCIA, MICHAEL",CA,27,REPUBLICAN PARTY,House,Incumbent,C,1114694580232904704,G000061
H2CA47188,"GARCIA, ROBERT",CA,42,DEMOCRATIC PARTY,House,Incumbent,C,1602792195878047744,G000598
H8TX29052,"GARCIA, SYLVIA R",TX,29,DEMOCRATIC PARTY,House,Incumbent,C,1080587263132733440,G000587
H8TX29052,"GARCIA, SYLVIA R",TX,29,DEMOCRATIC PARTY,House,Incumbent,C,40557819,G000587
H0OH18077,"GIBBS, ROBERT",OH,07,REPUBLICAN PARTY,House,Incumbent,P,234822928,G000563
H0FL26036,"GIMENEZ, CARLOS",FL,28,REPUBLICAN PARTY,House,Incumbent,N,1343679195034103808,G000593
H0FL26036,"GIMENEZ, CARLOS",FL,28,REPUBLICAN PARTY,House,Incumbent,N,1217185399166074880,G000593
H2WA03217,"GLUESENKAMP PEREZ, MARIE",WA,03,DEMOCRATIC PARTY,House,Incumbent,C,1603127874512453632,G000600
H2WA03217,"GLUESENKAMP PEREZ, MARIE",WA,03,DEMOCRATIC PARTY,House,Incumbent,C,1493294940708696064,G000600
H4TX04039,"GOHMERT, LOUIS",TX,01,REPUBLICAN PARTY,House,Incumbent,P,22055226,G000552
H8ME02185,"GOLDEN, JARED",ME,02,DEMOCRATIC PARTY,House,Incumbent,C,1080891667308298240,G000592
H8ME02185,"GOLDEN, JARED",ME,02,DEMOCRATIC PARTY,House,Incumbent,C,900516768032202752,G000592
H2NY10308,"GOLDMAN, DANIEL",NY,10,DEMOCRATIC PARTY,House,Incumbent,C,1610019555371372544,G000599
H2NY10308,"GOLDMAN, DANIEL",NY,10,DEMOCRATIC PARTY,House,Incumbent,C,435232010,G000599
H8CA34266,"GOMEZ, JIMMY",CA,34,DEMOCRATIC PARTY,House,Incumbent,C,2371339658,G000585
H8CA34266,"GOMEZ, JIMMY",CA,34,DEMOCRATIC PARTY,House,Incumbent,C,398193180,G000585
H0TX35015,"GONZALES, ERNEST ANTHONY TONY II",TX,23,REPUBLICAN PARTY,House,Incumbent,C,1343627416120532992,G000594
H0TX35015,"GONZALES, ERNEST ANTHONY TONY II",TX,23,REPUBLICAN PARTY,House,Incumbent,C,1124044084669288448,G000594
H8OH16124,"GONZALEZ, ANTHONY E",OH,16,REPUBLICAN PARTY,House,Incumbent,N,1054381765224210432,G000588
H6TX15162,"GONZALEZ, VICENTE",TX,34,DEMOCRATIC PARTY,House,Incumbent,C,818536152588238848,G000581
H6TX15162,"GONZALEZ, VICENTE",TX,34,DEMOCRATIC PARTY,House,Incumbent,C,4632984534,G000581
H8TX05144,"GOODEN, LANCE",TX,05,REPUBLICAN PARTY,House,Incumbent,C,1029094268542099456,G000589
H0VA05160,"GOOD, ROBERT G. HON.",VA,05,REPUBLICAN PARTY,House,Incumbent,C,1345536897838436352,G000595
H0VA05160,"GOOD, ROBERT G. HON.",VA,05,REPUBLICAN PARTY,House,Incumbent,C,1191470062340845568,G000595
H0AZ01259,"GOSAR, PAUL DR.",AZ,09,REPUBLICAN PARTY,House,Incumbent,C,240760644,G000565
H0AZ01259,"GOSAR, PAUL DR.",AZ,09,REPUBLICAN PARTY,House,Incumbent,C,872148729184362496,G000565
H6NJ05171,"GOTTHEIMER, JOSH",NJ,05,DEMOCRATIC PARTY,House,Incumbent,C,815310506596691968,G000583
H6NJ05171,"GOTTHEIMER, JOSH",NJ,05,DEMOCRATIC PARTY,House,Incumbent,C,431105217,G000583
H6TX12060,"GRANGER, KAY",TX,12,REPUBLICAN PARTY,House,Incumbent,C,161743731,G000377
H6TX12060,"GRANGER, KAY",TX,12,REPUBLICAN PARTY,House,Incumbent,C,1197909460678823936,G000377
H4LA06153,"GRAVES, GARRET",LA,06,REPUBLICAN PARTY,House,Incumbent,C,2951574214,G000577
H4LA06153,"GRAVES, GARRET",LA,06,REPUBLICAN PARTY,House,Incumbent,C,2147483647,G000577
H4LA06153,"GRAVES, GARRET",LA,06,REPUBLICAN PARTY,House,Incumbent,C,587100576,G000577
H0MO06073,"GRAVES, SAMUEL B. JR.",MO,06,REPUBLICAN PARTY,House,Incumbent,C,29766367,G000546
H4TX09095,"GREEN, ALEXANDER",TX,09,DEMOCRATIC PARTY,House,Incumbent,N,156333623,G000553
H4TX09095,"GREEN, ALEXANDER",TX,09,DEMOCRATIC PARTY,House,Incumbent,N,327625079,G000553
H0GA06192,"GREENE, MARJORIE TAYLOR MRS.",GA,14,REPUBLICAN PARTY,House,Incumbent,C,1344356576786866176,G000596
H0GA06192,"GREENE, MARJORIE TAYLOR MRS.",GA,14,REPUBLICAN PARTY,House,Incumbent,C,826065164504006656,G000596
H8TN07076,"GREEN, MARK DR.",TN,07,REPUBLICAN PARTY,House,Incumbent,C,1080477288955826176,G000590
H8TN07076,"GREEN, MARK DR.",TN,07,REPUBLICAN PARTY,House,Incumbent,C,93412074,G000590
H0VA09055,"GRIFFITH, H MORGAN",VA,09,REPUBLICAN PARTY,House,Incumbent,N,234057152,G000568
H0VA09055,"GRIFFITH, H MORGAN",VA,09,REPUBLICAN PARTY,House,Incumbent,N,130714799,G000568
H2AZ07070,"GRIJALVA, RAUL M",AZ,07,DEMOCRATIC PARTY,House,Incumbent,C,28602948,G000551
H2AZ07070,"GRIJALVA, RAUL M",AZ,07,DEMOCRATIC PARTY,House,Incumbent,C,135623073,G000551
H4WI06048,"GROTHMAN, GLENN S.",WI,06,REPUBLICAN PARTY,House,Incumbent,N,2976606250,G000576
H4WI06048,"GROTHMAN, GLENN S.",WI,06,REPUBLICAN PARTY,House,Incumbent,N,2147483647,G000576
H8MS03125,"GUEST, MICHAEL PATRICK",MS,03,REPUBLICAN PARTY,House,Incumbent,C,1081243468327018496,G000591
H8MS03125,"GUEST, MICHAEL PATRICK",MS,03,REPUBLICAN PARTY,House,Incumbent,C,953749679166156800,G000591
H8KY02031,"GUTHRIE, S. BRETT HON.",KY,02,REPUBLICAN PARTY,House,Incumbent,N,1908143071,G000558
H8KY02031,"GUTHRIE, S. BRETT HON.",KY,02,REPUBLICAN PARTY,House,Incumbent,N,114607567,G000558
H8NM01331,"HAALAND, DEBRA",NM,01,DEMOCRATIC PARTY,House,Incumbent,P,1080695666760929280,H001080
H2WY00166,"HAGEMAN, HARRIET",WY,00,REPUBLICAN PARTY,House,Incumbent,C,1435822302323695616,H001096
H8CA10126,"HARDER, JOSH",CA,09,DEMOCRATIC PARTY,House,Incumbent,C,1080851152151953408,H001090
H8CA10126,"HARDER, JOSH",CA,09,DEMOCRATIC PARTY,House,Incumbent,C,438665212,H001090
H8MD01094,"HARRIS, ANDREW P",MD,01,REPUBLICAN PARTY,House,Incumbent,N,960962340,H001052
H8MD01094,"HARRIS, ANDREW P",MD,01,REPUBLICAN PARTY,House,Incumbent,N,122713203,H001052
H0TN01118,"HARSHBARGER, DIANA",TN,01,REPUBLICAN PARTY,House,Incumbent,C,1345787285179162624,H001086
H0MO04086,"HARTZLER, VICKY",MO,04,REPUBLICAN PARTY,House,Incumbent,P,237763317,H001053
H8CT05245,"HAYES, JAHANA",CT,05,DEMOCRATIC PARTY,House,Incumbent,C,1082086081238102016,H001081
H8CT05245,"HAYES, JAHANA",CT,05,DEMOCRATIC PARTY,House,Incumbent,C,991721030631780352,H001081
H8OK01157,"HERN, KEVIN",OK,01,REPUBLICAN PARTY,House,Incumbent,C,1067818539179024384,H001082
H8NM02156,"HERRELL, STELLA YVETTE",NM,02,REPUBLICAN PARTY,House,Challenger,N,1344416719260016640,H001084
H8NM02156,"HERRELL, STELLA YVETTE",NM,02,REPUBLICAN PARTY,House,Challenger,N,898787903609765888,H001084
H0WA03187,"HERRERA BEUTLER, JAIME",WA,03,REPUBLICAN PARTY,House,Incumbent,P,97963837,H001056
H0WA03187,"HERRERA BEUTLER, JAIME",WA,03,REPUBLICAN PARTY,House,Incumbent,P,242926427,H001056
H0GA07125,"HICE, JODY",GA,10,REPUBLICAN PARTY,House,Incumbent,P,2147483647,H001071
H4NY27076,"HIGGINS, BRIAN",NY,26,DEMOCRATIC PARTY,House,Incumbent,C,33576489,H001038
H4NY27076,"HIGGINS, BRIAN",NY,26,DEMOCRATIC PARTY,House,Incumbent,C,57334424,H001038
H6LA03148,"HIGGINS, CLAY CAPTAIN",LA,03,REPUBLICAN PARTY,House,Incumbent,N,843636970538618880,H001077
H6LA03148,"HIGGINS, CLAY CAPTAIN",LA,03,REPUBLICAN PARTY,House,Incumbent,N,3298489662,H001077
H4AR02141,"HILL, JAMES FRENCH",AR,02,REPUBLICAN PARTY,House,Incumbent,N,2953974395,H001072
H4AR02141,"HILL, JAMES FRENCH",AR,02,REPUBLICAN PARTY,House,Incumbent,N,2147483647,H001072
H4AR02141,"HILL, JAMES FRENCH",AR,02,REPUBLICAN PARTY,House,Incumbent,N,1740229652,H001072
H8CT04172,"HIMES, JIM",CT,04,DEMOCRATIC PARTY,House,Incumbent,C,31611298,H001047
H6IN09176,"HOLLINGSWORTH, TREY",IN,09,REPUBLICAN PARTY,House,Incumbent,P,811986281177772032,H001074
H2NV04011,"HORSFORD, STEVEN ALEXZANDER",NV,04,DEMOCRATIC PARTY,House,Incumbent,C,389840566,H001066
H2NV04011,"HORSFORD, STEVEN ALEXZANDER",NV,04,DEMOCRATIC PARTY,House,Incumbent,C,246478393,H001066
H6IN09143,"HOUCHIN, ERIN",IN,09,REPUBLICAN PARTY,House,Incumbent,C,1603694348725526528,H001093
H8PA06087,"HOULAHAN, CHRISSY",PA,06,DEMOCRATIC PARTY,House,Incumbent,C,1052896620797460480,H001085
H8PA06087,"HOULAHAN, CHRISSY",PA,06,DEMOCRATIC PARTY,House,Incumbent,C,847098017274613760,H001085
H2MD05155,"HOYER, STENY",MD,05,DEMOCRATIC PARTY,House,Incumbent,C,22012091,H000874
H2MD05155,"HOYER, STENY",MD,05,DEMOCRATIC PARTY,House,Incumbent,C,266719387,H000874
H2OR04095,"HOYLE, VALERIE",OR,04,DEMOCRATIC PARTY,House,Incumbent,C,1612865196489412608,H001094
H2OR04095,"HOYLE, VALERIE",OR,04,DEMOCRATIC PARTY,House,Incumbent,C,118612783,H001094
H2NC08185,"HUDSON, RICHARD L. JR.",NC,09,REPUBLICAN PARTY,House,Incumbent,N,935033864,H001067
H2NC08185,"HUDSON, RICHARD L. JR.",NC,09,REPUBLICAN PARTY,House,Incumbent,N,16874915,H001067
H2CA06259,"HUFFMAN, JARED",CA,02,DEMOCRATIC PARTY,House,Incumbent,C,1071102246,H001068
H2CA06259,"HUFFMAN, JARED",CA,02,DEMOCRATIC PARTY,House,Incumbent,C,334894942,H001068
H0MI02094,"HUIZENGA, WILLIAM P",MI,04,REPUBLICAN PARTY,House,Incumbent,N,233949261,H001058
H0MI02094,"HUIZENGA, WILLIAM P",MI,04,REPUBLICAN PARTY,House,Incumbent,N,23820360,H001058
H0TX07170,"HUNT, WESLEY",TX,38,REPUBLICAN PARTY,House,Incumbent,C,1602751001756311552,H001095
H0TX07170,"HUNT, WESLEY",TX,38,REPUBLICAN PARTY,House,Incumbent,C,1112744620247662592,H001095
H0CA48024,"ISSA, DARRELL",CA,48,REPUBLICAN PARTY,House,Incumbent,C,63650107,NA
H0CA48024,"ISSA, DARRELL",CA,48,REPUBLICAN PARTY,House,Incumbent,C,22509548,NA
H2MD04315,"IVEY, GLENN",MD,04,DEMOCRATIC PARTY,House,Incumbent,C,1610111693836664832,I000058
H2MD04315,"IVEY, GLENN",MD,04,DEMOCRATIC PARTY,House,Incumbent,C,3081969927,I000058
H0TX13228,"JACKSON, RONNY LYNN",TX,13,REPUBLICAN PARTY,House,Incumbent,C,1341903465610686464,J000304
H0TX13228,"JACKSON, RONNY LYNN",TX,13,REPUBLICAN PARTY,House,Incumbent,C,1201953403099893760,J000304
H0NY27090,"JACOBS, CHRISTOPHER L.",NY,23,REPUBLICAN PARTY,House,Incumbent,P,1276232539510919168,J000020
H0NY27090,"JACOBS, CHRISTOPHER L.",NY,23,REPUBLICAN PARTY,House,Incumbent,P,1129376438698807296,J000020
H8CA49074,"JACOBS, SARA",CA,51,DEMOCRATIC PARTY,House,Incumbent,C,1345103905869455360,J000305
H8CA49074,"JACOBS, SARA",CA,51,DEMOCRATIC PARTY,House,Incumbent,C,1656913327,J000305
H2MI10150,"JAMES, JOHN",MI,10,REPUBLICAN PARTY,House,Incumbent,C,861246117689925632,J000307
H6WA07458,"JAYAPAL, PRAMILA",WA,07,DEMOCRATIC PARTY,House,Incumbent,C,815733290955112448,J000298
H6WA07458,"JAYAPAL, PRAMILA",WA,07,DEMOCRATIC PARTY,House,Incumbent,C,193441812,J000298
H2NY10092,"JEFFRIES, HAKEEM",NY,08,DEMOCRATIC PARTY,House,Incumbent,C,467823431,J000294
H2NY10092,"JEFFRIES, HAKEEM",NY,08,DEMOCRATIC PARTY,House,Incumbent,C,479017220,J000294
H0OH06189,"JOHNSON, BILL",OH,06,REPUBLICAN PARTY,House,Incumbent,C,211530910,J000292
H0OH06189,"JOHNSON, BILL",OH,06,REPUBLICAN PARTY,House,Incumbent,C,81207735,J000292
H8SD01055,"JOHNSON, DUSTY",SD,00,REPUBLICAN PARTY,House,Incumbent,C,1074782372594413568,J000301
H2TX00015,"JOHNSON, EDDIE BERNICE",TX,30,DEMOCRATIC PARTY,House,Incumbent,P,168502762,J000126
H6GA04129,"JOHNSON, HENRY C. 'HANK'",GA,04,DEMOCRATIC PARTY,House,Incumbent,C,24745957,J000288
H6GA04129,"JOHNSON, HENRY C. 'HANK'",GA,04,DEMOCRATIC PARTY,House,Incumbent,C,97583689,J000288
H6LA04138,"JOHNSON, JAMES MICHAEL",LA,04,REPUBLICAN PARTY,House,Incumbent,C,827279765287559168,J000299
H6LA04138,"JOHNSON, JAMES MICHAEL",LA,04,REPUBLICAN PARTY,House,Incumbent,C,4849654052,J000299
H0NY17174,"JONES, MONDAIRE",NY,10,DEMOCRATIC PARTY,House,Incumbent,P,1345883634046279680,J000306
H6OH04082,"JORDAN, JAMES D.",OH,04,REPUBLICAN PARTY,House,Incumbent,C,18166778,J000289
H2OH14064,"JOYCE, DAVID P.",OH,14,REPUBLICAN PARTY,House,Incumbent,C,976969338,J000295
H2OH14064,"JOYCE, DAVID P.",OH,14,REPUBLICAN PARTY,House,Incumbent,C,727242919,J000295
H8PA13125,"JOYCE, JOHN",PA,13,REPUBLICAN PARTY,House,Incumbent,C,1082311988926124032,J000302
H8PA13125,"JOYCE, JOHN",PA,13,REPUBLICAN PARTY,House,Incumbent,C,969328139485802496,J000302
H0HI02155,"KAHELE, KAIALI'I",HI,02,DEMOCRATIC PARTY,House,Incumbent,P,4863545294,K000396
H2OH09031,"KAPTUR, MARCY HON. M.C.",OH,09,DEMOCRATIC PARTY,House,Incumbent,C,581141508,K000009
H2OH09031,"KAPTUR, MARCY HON. M.C.",OH,09,DEMOCRATIC PARTY,House,Incumbent,C,480872337,K000009
H4NY24073,"KATKO, JOHN M",NY,24,REPUBLICAN PARTY,House,Open seat,P,2966765501,K000386
H4NY24073,"KATKO, JOHN M",NY,24,REPUBLICAN PARTY,House,Open seat,P,2147483647,K000386
H0NJ07261,"KEAN, THOMAS H. JR.",NJ,07,REPUBLICAN PARTY,House,Incumbent,C,1607422757670641664,K000398
H0NJ07261,"KEAN, THOMAS H. JR.",NJ,07,REPUBLICAN PARTY,House,Incumbent,C,1093918214181060608,K000398
H0MA10082,"KEATING, WILLIAM R",MA,09,DEMOCRATIC PARTY,House,Incumbent,C,232992031,K000375
H0MA10082,"KEATING, WILLIAM R",MA,09,DEMOCRATIC PARTY,House,Incumbent,C,95546148,K000375
H0PA12181,"KELLER, FRED",PA,09,REPUBLICAN PARTY,House,Incumbent,P,1136060761422405632,K000395
H0PA12181,"KELLER, FRED",PA,09,REPUBLICAN PARTY,House,Incumbent,P,1092471059641700352,K000395
H0PA03271,"KELLY, GEORGE J JR",PA,16,REPUBLICAN PARTY,House,Incumbent,C,935368364,K000376
H0PA03271,"KELLY, GEORGE J JR",PA,16,REPUBLICAN PARTY,House,Incumbent,C,113763245,K000376
H6MS01131,"KELLY, JOHN TRENT",MS,01,REPUBLICAN PARTY,House,Incumbent,C,3317799825,K000388
H6MS01131,"KELLY, JOHN TRENT",MS,01,REPUBLICAN PARTY,House,Incumbent,C,2147483647,K000388
H2IL02172,"KELLY, ROBIN",IL,02,DEMOCRATIC PARTY,House,Incumbent,C,1339931490,K000385
H2IL02172,"KELLY, ROBIN",IL,02,DEMOCRATIC PARTY,House,Incumbent,C,38285038,K000385
H4CA12055,"KHANNA, ROHIT",CA,17,DEMOCRATIC PARTY,House,Incumbent,C,816298918468259840,K000389
H4CA12055,"KHANNA, ROHIT",CA,17,DEMOCRATIC PARTY,House,Incumbent,C,771152516,K000389
H2VA02064,"KIGGANS, JENNIFER",VA,02,REPUBLICAN PARTY,House,Incumbent,C,1112745685810589696,K000399
H2MI05119,"KILDEE, DANIEL T",MI,08,DEMOCRATIC PARTY,House,Incumbent,C,1045110018,K000380
H2MI05119,"KILDEE, DANIEL T",MI,08,DEMOCRATIC PARTY,House,Incumbent,C,18674498,K000380
H2CA03157,"KILEY, KEVIN",CA,03,REPUBLICAN PARTY,House,Incumbent,C,1610356961475809280,K000401
H2CA03157,"KILEY, KEVIN",CA,03,REPUBLICAN PARTY,House,Incumbent,C,3180247177,K000401
H2WA06129,"KILMER, DEREK",WA,06,DEMOCRATIC PARTY,House,Incumbent,C,1058917562,K000381
H2WA06129,"KILMER, DEREK",WA,06,DEMOCRATIC PARTY,House,Incumbent,C,120518554,K000381
H8NJ03206,"KIM, ANDY",NJ,03,DEMOCRATIC PARTY,House,Incumbent,C,1078771848882593792,K000394
H8NJ03206,"KIM, ANDY",NJ,03,DEMOCRATIC PARTY,House,Incumbent,C,24215154,K000394
H8CA39240,"KIM, YOUNG",CA,40,REPUBLICAN PARTY,House,Incumbent,C,1344677401465397248,K000397
H8CA39240,"KIM, YOUNG",CA,40,REPUBLICAN PARTY,House,Incumbent,C,2355919591,K000397
H6WI03099,"KIND, RONALD JAMES",WI,03,DEMOCRATIC PARTY,House,Incumbent,P,112740986,K000188
H0IL11052,"KINZINGER, ADAM",IL,16,REPUBLICAN PARTY,House,Incumbent,P,219429281,K000378
H6IL08147,"KRISHNAMOORTHI, S. RAJA",IL,08,DEMOCRATIC PARTY,House,Incumbent,C,814179031956488192,K000391
H6IL08147,"KRISHNAMOORTHI, S. RAJA",IL,08,DEMOCRATIC PARTY,House,Incumbent,C,62649021,K000391
H0NH02181,"KUSTER, ANN MCLANE",NH,02,DEMOCRATIC PARTY,House,Incumbent,C,1058717720,K000382
H0NH02181,"KUSTER, ANN MCLANE",NH,02,DEMOCRATIC PARTY,House,Incumbent,C,89992368,K000382
H2TN07103,"KUSTOFF, DAVID",TN,08,REPUBLICAN PARTY,House,Incumbent,C,816012124505931776,K000392
H2TN07103,"KUSTOFF, DAVID",TN,08,REPUBLICAN PARTY,House,Incumbent,C,317386234,K000392
H6IL18088,"LAHOOD, DARIN MCKAY",IL,16,REPUBLICAN PARTY,House,Incumbent,C,3686482216,L000585
H6IL18088,"LAHOOD, DARIN MCKAY",IL,16,REPUBLICAN PARTY,House,Incumbent,C,3107996233,L000585
H2CA02142,"LAMALFA, DOUG",CA,01,REPUBLICAN PARTY,House,Incumbent,C,1069124515,NA
H6CO05159,"LAMBORN, DOUGLAS",CO,05,REPUBLICAN PARTY,House,Incumbent,N,584012853,L000564
H6CO05159,"LAMBORN, DOUGLAS",CO,05,REPUBLICAN PARTY,House,Incumbent,N,583881540,L000564
H2OH01194,"LANDSMAN, GREG",OH,01,DEMOCRATIC PARTY,House,Incumbent,C,106162639,L000601
H0RI02139,"LANGEVIN, JAMES R HONORABLE",RI,02,DEMOCRATIC PARTY,House,Incumbent,P,18909919,L000559
H2NY23228,"LANGWORTHY, NICK",NY,23,REPUBLICAN PARTY,House,Incumbent,N,18785472,L000600
H0WA02080,"LARSEN, RICK",WA,02,DEMOCRATIC PARTY,House,Incumbent,C,404132211,L000560
H0WA02080,"LARSEN, RICK",WA,02,DEMOCRATIC PARTY,House,Incumbent,C,158520264,L000560
H8CT01046,"LARSON, JOHN B",CT,01,DEMOCRATIC PARTY,House,Incumbent,N,50452197,L000557
H8CT01046,"LARSON, JOHN B",CT,01,DEMOCRATIC PARTY,House,Incumbent,N,155585373,L000557
H8OH05036,"LATTA, ROBERT EDWARD",OH,05,REPUBLICAN PARTY,House,Incumbent,N,15394954,L000566
H8OH05036,"LATTA, ROBERT EDWARD",OH,05,REPUBLICAN PARTY,House,Incumbent,N,93575832,L000566
H0KS02188,"LATURNER, JAKE",KS,02,REPUBLICAN PARTY,House,Incumbent,N,1345850704800468992,L000266
H0KS02188,"LATURNER, JAKE",KS,02,REPUBLICAN PARTY,House,Incumbent,N,1082329240681492480,L000266
H2NY17162,"LAWLER, MICHAEL VINCENT",NY,17,REPUBLICAN PARTY,House,Incumbent,C,1590372047015886848,L000599
H2NY17162,"LAWLER, MICHAEL VINCENT",NY,17,REPUBLICAN PARTY,House,Incumbent,C,260026173,L000599
H2MI14111,"LAWRENCE, BRENDA LULENAR",MI,14,DEMOCRATIC PARTY,House,Incumbent,P,2147483647,L000581
H0FL02086,"LAWSON, ALFRED JR",FL,02,DEMOCRATIC PARTY,House,Incumbent,P,818472418620608512,L000586
H0FL02086,"LAWSON, ALFRED JR",FL,02,DEMOCRATIC PARTY,House,Incumbent,P,88291132,L000586
H8CA09060,"LEE, BARBARA",CA,12,DEMOCRATIC PARTY,House,Incumbent,C,248735463,L000551
H8CA09060,"LEE, BARBARA",CA,12,DEMOCRATIC PARTY,House,Incumbent,C,414436134,L000551
H2FL15241,"LEE, LAUREL MRS.",FL,15,REPUBLICAN PARTY,House,Incumbent,C,1608230657796227072,L000597
H4TX18054,"LEE, SHEILA JACKSON",TX,18,DEMOCRATIC PARTY,House,Incumbent,C,80612021,J000032
H4TX18054,"LEE, SHEILA JACKSON",TX,18,DEMOCRATIC PARTY,House,Incumbent,C,4002888226,J000032
H4TX18054,"LEE, SHEILA JACKSON",TX,18,DEMOCRATIC PARTY,House,Incumbent,C,102803873,J000032
H2PA18200,"LEE, SUMMER",PA,12,DEMOCRATIC PARTY,House,Incumbent,C,917389190328877056,L000602
H6NV04020,"LEE, SUSIE",NV,03,DEMOCRATIC PARTY,House,Incumbent,C,1079061579973439488,L000590
H6NV04020,"LEE, SUSIE",NV,03,DEMOCRATIC PARTY,House,Incumbent,C,602919981,L000590
H0NM03102,"LEGER FERNANDEZ, TERESA",NM,03,DEMOCRATIC PARTY,House,Incumbent,C,1345147845926670336,L000273
H8AZ08158,"LESKO, DEBBIE",AZ,08,REPUBLICAN PARTY,House,Incumbent,C,996094929733652480,L000589
H8AZ08158,"LESKO, DEBBIE",AZ,08,REPUBLICAN PARTY,House,Incumbent,C,34715823,L000589
H2LA05126,"LETLOW, JULIA",LA,05,REPUBLICAN PARTY,House,Incumbent,C,1382395679700439040,L000595
H2LA05126,"LETLOW, JULIA",LA,05,REPUBLICAN PARTY,House,Incumbent,C,19039789,L000595
H8MI09118,"LEVIN, ANDY",MI,11,DEMOCRATIC PARTY,House,Incumbent,P,1080277407867772928,L000592
H8MI09118,"LEVIN, ANDY",MI,11,DEMOCRATIC PARTY,House,Incumbent,P,21061366,L000592
H8CA49058,"LEVIN, MIKE",CA,49,DEMOCRATIC PARTY,House,Incumbent,C,1072134139560620032,L000593
H8CA49058,"LEVIN, MIKE",CA,49,DEMOCRATIC PARTY,House,Incumbent,C,14573926,L000593
H4CA33119,"LIEU, TED",CA,36,DEMOCRATIC PARTY,House,Incumbent,C,3044993235,L000582
H4CA33119,"LIEU, TED",CA,36,DEMOCRATIC PARTY,House,Incumbent,C,2147483647,L000582
H4CA33119,"LIEU, TED",CA,36,DEMOCRATIC PARTY,House,Incumbent,C,21059255,L000582
H4CA16049,"LOFGREN, ZOE",CA,18,DEMOCRATIC PARTY,House,Incumbent,C,267938462,L000397
H4CA16049,"LOFGREN, ZOE",CA,18,DEMOCRATIC PARTY,House,Incumbent,C,988858472132415488,L000397
H4GA11061,"LOUDERMILK, BARRY",GA,11,REPUBLICAN PARTY,House,Incumbent,N,2914163523,L000583
H4GA11061,"LOUDERMILK, BARRY",GA,11,REPUBLICAN PARTY,House,Incumbent,N,2147483647,L000583
H4GA11061,"LOUDERMILK, BARRY",GA,11,REPUBLICAN PARTY,House,Incumbent,N,586191770,L000583
H2CA00104,"LOWENTHAL, ALAN",CA,47,DEMOCRATIC PARTY,House,NA,P,1055730738,L000579
H4OK06056,"LUCAS, FRANK D.",OK,03,REPUBLICAN PARTY,House,Incumbent,C,242772524,L000491
H4OK06056,"LUCAS, FRANK D.",OK,03,REPUBLICAN PARTY,House,Incumbent,C,389017497,L000491
H8MO09153,"LUETKEMEYER, W BLAINE",MO,03,REPUBLICAN PARTY,House,Incumbent,C,1849261916,L000569
H8VA02111,"LURIA, ELAINE",VA,02,DEMOCRATIC PARTY,House,Incumbent,P,1080292515939565568,L000591
H8VA02111,"LURIA, ELAINE",VA,02,DEMOCRATIC PARTY,House,Incumbent,P,950111395378597888,L000591
H2TX08182,"LUTTRELL, MORGAN JOE",TX,08,REPUBLICAN PARTY,House,Incumbent,C,1603028043454447616,L000603
H2TX08182,"LUTTRELL, MORGAN JOE",TX,08,REPUBLICAN PARTY,House,Incumbent,C,1399793223388864512,L000603
H2MA09072,"LYNCH, STEPHEN",MA,08,DEMOCRATIC PARTY,House,Incumbent,C,130901013,NA
H2MA09072,"LYNCH, STEPHEN",MA,08,DEMOCRATIC PARTY,House,Incumbent,C,310310133,NA
H0SC01394,"MACE, NANCY",SC,01,REPUBLICAN PARTY,House,Incumbent,C,1343597700542038016,M000194
H8NJ07223,"MALINOWSKI, TOM",NJ,07,DEMOCRATIC PARTY,House,Incumbent,P,1080898026418384896,M001203
H8NJ07223,"MALINOWSKI, TOM",NJ,07,DEMOCRATIC PARTY,House,Incumbent,P,811239440916054016,M001203
H0NY11078,"MALLIOTAKIS, NICOLE",NY,11,REPUBLICAN PARTY,House,Incumbent,C,1344750588026900480,M000317
H0NY11078,"MALLIOTAKIS, NICOLE",NY,11,REPUBLICAN PARTY,House,Incumbent,C,757862089,M000317
H2NY14037,"MALONEY, CAROLYN B.",NY,12,DEMOCRATIC PARTY,House,Incumbent,P,258900199,M000087
H2NY14037,"MALONEY, CAROLYN B.",NY,12,DEMOCRATIC PARTY,House,Incumbent,P,119250381,M000087
H2NY22139,"MALONEY, SEAN PATRICK",NY,17,DEMOCRATIC PARTY,House,Incumbent,P,1072467470,M001185
H2NY22139,"MALONEY, SEAN PATRICK",NY,17,DEMOCRATIC PARTY,House,Incumbent,P,26283468,M001185
H8NC13067,"MANNING, KATHY",NC,06,DEMOCRATIC PARTY,House,Incumbent,C,1337115670161608704,M001135
H0KS01123,"MANN, TRACEY ROBERT",KS,01,REPUBLICAN PARTY,House,Incumbent,C,1345825008887721984,M000871
H8CA49108,"MARYOTT, BRIAN L MR",CA,49,REPUBLICAN PARTY,House,Challenger,P,957475625236815872,NA
H2KY04121,"MASSIE, THOMAS H.",KY,04,REPUBLICAN PARTY,House,Incumbent,C,975200486,M001184
H2KY04121,"MASSIE, THOMAS H.",KY,04,REPUBLICAN PARTY,House,Incumbent,C,1216059676372226048,M001184
H6FL18097,"MAST, BRIAN",FL,21,REPUBLICAN PARTY,House,Incumbent,C,814103950404239360,M001199
H6FL18097,"MAST, BRIAN",FL,21,REPUBLICAN PARTY,House,Incumbent,C,2147483647,M001199
H6CA05195,"MATSUI, DORIS",CA,07,DEMOCRATIC PARTY,House,Incumbent,C,38254095,M001163
H6CA05195,"MATSUI, DORIS",CA,07,DEMOCRATIC PARTY,House,Incumbent,C,169331127,M001163
H8GA06393,"MCBATH, LUCIA KAY MS.",GA,07,DEMOCRATIC PARTY,House,Incumbent,C,1082380458976051200,M001208
H6CA22125,"MCCARTHY, KEVIN",CA,20,REPUBLICAN PARTY,House,Incumbent,C,19739126,M001165
H6CA22125,"MCCARTHY, KEVIN",CA,20,REPUBLICAN PARTY,House,Incumbent,C,15428227,M001165
H4TX10093,"MCCAUL, MICHAEL",TX,10,REPUBLICAN PARTY,House,Incumbent,C,26424123,M001157
H4TX10093,"MCCAUL, MICHAEL",TX,10,REPUBLICAN PARTY,House,Incumbent,C,743601590,M001157
H0MI10287,"MCCLAIN, LISA",MI,10,REPUBLICAN PARTY,House,Incumbent,N,1344032292432437248,M001136
H0MI10287,"MCCLAIN, LISA",MI,10,REPUBLICAN PARTY,House,Incumbent,N,1187551973173796864,M001136
H8CA04152,"MCCLINTOCK, THOMAS",CA,05,REPUBLICAN PARTY,House,Incumbent,C,15773898,NA
H8CA04152,"MCCLINTOCK, THOMAS",CA,05,REPUBLICAN PARTY,House,Incumbent,C,50152441,NA
H0MN04049,"MCCOLLUM, BETTY",MN,04,DEMOCRATIC PARTY,House,Incumbent,C,516880804,M001143
H0GA07273,"MCCORMICK, RICHARD DEAN DR.",GA,06,REPUBLICAN PARTY,House,Incumbent,C,1610689483929780224,M001218
H0GA07273,"MCCORMICK, RICHARD DEAN DR.",GA,06,REPUBLICAN PARTY,House,Incumbent,C,1136709465082945536,M001218
H6VA04061,"MCEACHIN, ASTON DONALD",VA,04,DEMOCRATIC PARTY,House,Incumbent,P,816181091673448448,M001200
H6VA04061,"MCEACHIN, ASTON DONALD",VA,04,DEMOCRATIC PARTY,House,Incumbent,P,459051498,M001200
H2KY03206,"MCGARVEY, MORGAN",KY,03,DEMOCRATIC PARTY,House,Incumbent,C,1610300298303787008,M001220
H2KY03206,"MCGARVEY, MORGAN",KY,03,DEMOCRATIC PARTY,House,Incumbent,C,389242668,M001220
H4MA03022,"MCGOVERN, JAMES P",MA,02,DEMOCRATIC PARTY,House,Incumbent,C,242426145,M000312
H4MA03022,"MCGOVERN, JAMES P",MA,02,DEMOCRATIC PARTY,House,Incumbent,C,128664931,M000312
H4NC10047,"MCHENRY, PATRICK TIMOTHY",NC,10,REPUBLICAN PARTY,House,Incumbent,C,27676828,M001156
H4NC10047,"MCHENRY, PATRICK TIMOTHY",NC,10,REPUBLICAN PARTY,House,Incumbent,C,481437062,M001156
H0WV01072,"MCKINLEY, DAVID B. MR.",WV,02,REPUBLICAN PARTY,House,Incumbent,P,2493604807,M001180
H0WV01072,"MCKINLEY, DAVID B. MR.",WV,02,REPUBLICAN PARTY,House,Incumbent,P,240427862,M001180
H4WA05077,"MCMORRIS RODGERS, CATHY",WA,05,REPUBLICAN PARTY,House,Incumbent,C,17976923,M001159
H4WA05077,"MCMORRIS RODGERS, CATHY",WA,05,REPUBLICAN PARTY,House,Incumbent,C,130733698,M001159
H4CA11081,"MCNERNEY, JERRY",CA,09,DEMOCRATIC PARTY,House,Incumbent,P,385429543,M001166
H8NY06048,"MEEKS, GREGORY W.",NY,05,DEMOCRATIC PARTY,House,Incumbent,C,22812754,M001137
H8NY06048,"MEEKS, GREGORY W.",NY,05,DEMOCRATIC PARTY,House,Incumbent,C,1092782048157331456,M001137
H0MI03308,"MEIJER, PETER MR.",MI,03,REPUBLICAN PARTY,House,Incumbent,P,1334164871420796928,M001186
H0MI03308,"MEIJER, PETER MR.",MI,03,REPUBLICAN PARTY,House,Incumbent,P,1134953735980036096,M001186
H2NJ08232,"MENENDEZ, ROBERT J.",NJ,08,DEMOCRATIC PARTY,House,Incumbent,C,1603468242852397056,M001226
H2NJ08232,"MENENDEZ, ROBERT J.",NJ,08,DEMOCRATIC PARTY,House,Incumbent,C,1491892268466413568,M001226
H2NY06116,"MENG, GRACE",NY,06,DEMOCRATIC PARTY,House,Incumbent,C,1051127714,M001188
H2NY06116,"MENG, GRACE",NY,06,DEMOCRATIC PARTY,House,Incumbent,C,571214272,M001188
H8PA10147,"MEUSER, DANIEL",PA,09,REPUBLICAN PARTY,House,Incumbent,C,1080574793630527488,M001204
H8PA10147,"MEUSER, DANIEL",PA,09,REPUBLICAN PARTY,House,Incumbent,C,903354645623566336,M001204
H6MD07020,"MFUME, KWEISI",MD,07,DEMOCRATIC PARTY,House,Incumbent,C,1276209702322438144,NA
H8WV03097,"MILLER, CAROL DEVINE",WV,01,REPUBLICAN PARTY,House,Incumbent,C,1081318716573470720,M001205
H8WV03097,"MILLER, CAROL DEVINE",WV,01,REPUBLICAN PARTY,House,Incumbent,C,841994444,M001205
H0IL15129,"MILLER, MARY",IL,15,REPUBLICAN PARTY,House,Incumbent,C,1343656635907125248,M001211
H2OH16051,"MILLER, MAX",OH,07,REPUBLICAN PARTY,House,Incumbent,N,1148299267481563136,M001222
H8IA02043,"MILLER-MEEKS, MARIANNETTE JANE",IA,01,REPUBLICAN PARTY,House,Incumbent,C,1345807954604412928,M001215
H8IA02043,"MILLER-MEEKS, MARIANNETTE JANE",IA,01,REPUBLICAN PARTY,House,Incumbent,C,18131106,M001215
H2FL07156,"MILLS, CORY",FL,07,REPUBLICAN PARTY,House,Incumbent,C,1216076954375421952,M001216
H2NY19127,"MOLINARO, MARCUS J.",NY,19,REPUBLICAN PARTY,House,Incumbent,C,1603419749748297728,M001221
H2NY19127,"MOLINARO, MARCUS J.",NY,19,REPUBLICAN PARTY,House,Incumbent,C,17581393,M001221
H4MI04126,"MOOLENAAR, JOHN MR.",MI,02,REPUBLICAN PARTY,House,Incumbent,C,2696643955,M001194
H4MI04126,"MOOLENAAR, JOHN MR.",MI,02,REPUBLICAN PARTY,House,Incumbent,C,2147483647,M001194
H4MI04126,"MOOLENAAR, JOHN MR.",MI,02,REPUBLICAN PARTY,House,Incumbent,C,41198239,M001194
H4WV02080,"MOONEY, ALEXANDER XAVIER",WV,02,REPUBLICAN PARTY,House,Incumbent,N,2964526557,M001195
H4WV02080,"MOONEY, ALEXANDER XAVIER",WV,02,REPUBLICAN PARTY,House,Incumbent,N,2147483647,M001195
H4WV02080,"MOONEY, ALEXANDER XAVIER",WV,02,REPUBLICAN PARTY,House,Incumbent,N,1491350114,M001195
H0UT01205,"MOORE, BLAKE",UT,01,REPUBLICAN PARTY,House,Incumbent,C,1337452596093587456,M001213
H0UT01205,"MOORE, BLAKE",UT,01,REPUBLICAN PARTY,House,Incumbent,C,551935844,M001213
H8AL02171,"MOORE, FELIX BARRY",AL,02,REPUBLICAN PARTY,House,Incumbent,C,1339006078688825344,M001212
H8AL02171,"MOORE, FELIX BARRY",AL,02,REPUBLICAN PARTY,House,Incumbent,C,74054398,M001212
H4WI04183,"MOORE, GWEN S",WI,04,DEMOCRATIC PARTY,House,Incumbent,C,22669526,M001160
H4WI04183,"MOORE, GWEN S",WI,04,DEMOCRATIC PARTY,House,Incumbent,C,784965392,M001160
H8NY25105,"MORELLE, JOSEPH D",NY,25,DEMOCRATIC PARTY,House,Incumbent,N,1064595993222615040,M001206
H8NY25105,"MORELLE, JOSEPH D",NY,25,DEMOCRATIC PARTY,House,Incumbent,N,977247448820305920,M001206
H2FL22171,"MOSKOWITZ, JARED",FL,23,DEMOCRATIC PARTY,House,Incumbent,C,1610009027743830016,M001217
H4MA06090,"MOULTON, SETH",MA,06,DEMOCRATIC PARTY,House,Incumbent,C,3091316093,M001196
H4MA06090,"MOULTON, SETH",MA,06,DEMOCRATIC PARTY,House,Incumbent,C,248495200,M001196
H0IN01150,"MRVAN, FRANK J.",IN,01,DEMOCRATIC PARTY,House,Incumbent,C,1346205046036377600,M001214
H2CA14162,"MULLIN, KEVIN",CA,15,DEMOCRATIC PARTY,House,Incumbent,C,1610411994888409088,M001225
H2OK02083,"MULLIN, MARKWAYNE MR.",OK,02,REPUBLICAN PARTY,House,Incumbent,P,1060370282,M001190
H2OK02083,"MULLIN, MARKWAYNE MR.",OK,02,REPUBLICAN PARTY,House,Incumbent,P,366304362,M001190
H0NC03172,"MURPHY, GREGORY FRANCIS DR.",NC,03,REPUBLICAN PARTY,House,Incumbent,N,1173978070535024640,M001210
H0NC03172,"MURPHY, GREGORY FRANCIS DR.",NC,03,REPUBLICAN PARTY,House,Incumbent,N,1100072194632237056,M001210
H2NY17071,"NADLER, JERROLD L.",NY,12,DEMOCRATIC PARTY,House,Incumbent,C,40302336,N000002
H2NY17071,"NADLER, JERROLD L.",NY,12,DEMOCRATIC PARTY,House,Incumbent,C,408816873,N000002
H8CA34068,"NAPOLITANO, GRACE",CA,31,DEMOCRATIC PARTY,House,Incumbent,N,161411080,N000179
H8CA34068,"NAPOLITANO, GRACE",CA,31,DEMOCRATIC PARTY,House,Incumbent,N,488755647,N000179
H8MA02041,"NEAL, RICHARD E",MA,01,DEMOCRATIC PARTY,House,Incumbent,C,442824717,N000015
H8MA02041,"NEAL, RICHARD E",MA,01,DEMOCRATIC PARTY,House,Incumbent,C,555977812,N000015
H8CO02160,"NEGUSE, JOSEPH",CO,02,DEMOCRATIC PARTY,House,Incumbent,C,1078749802765139968,N000191
H8CO02160,"NEGUSE, JOSEPH",CO,02,DEMOCRATIC PARTY,House,Incumbent,C,1542372750,N000191
H0TX22302,"NEHLS, TROY",TX,22,REPUBLICAN PARTY,House,Incumbent,C,1347318288850825216,N000026
H0TX22302,"NEHLS, TROY",TX,22,REPUBLICAN PARTY,House,Incumbent,C,3299995136,N000026
H4WA04104,"NEWHOUSE, DAN",WA,04,REPUBLICAN PARTY,House,Incumbent,C,2930635215,N000189
H4WA04104,"NEWHOUSE, DAN",WA,04,REPUBLICAN PARTY,House,Incumbent,C,2375967966,N000189
H4WA04104,"NEWHOUSE, DAN",WA,04,REPUBLICAN PARTY,House,Incumbent,C,2147483647,N000189
H8IL03102,"NEWMAN, MARIE",IL,06,DEMOCRATIC PARTY,House,Challenger,N,1343578440977494016,N000192
H8IL03102,"NEWMAN, MARIE",IL,06,DEMOCRATIC PARTY,House,Challenger,N,1270426374,N000192
H2NC14019,"NICKEL, WILEY",NC,13,DEMOCRATIC PARTY,House,Incumbent,C,33795371,N000194
H2NY01190,"NICK, LALOTA",NY,01,REPUBLICAN PARTY,House,Incumbent,C,1588581125177442304,L000598
H2NY01190,"NICK, LALOTA",NY,01,REPUBLICAN PARTY,House,Incumbent,C,275989559,L000598
H4NJ01084,"NORCROSS, DONALD W",NJ,01,DEMOCRATIC PARTY,House,Incumbent,C,3122099613,N000188
H4NJ01084,"NORCROSS, DONALD W",NJ,01,DEMOCRATIC PARTY,House,Incumbent,C,2147483647,N000188
H8SC05158,"NORMAN, RALPH W. JR.",SC,05,REPUBLICAN PARTY,House,Incumbent,N,880480631108644864,N000190
H8SC05158,"NORMAN, RALPH W. JR.",SC,05,REPUBLICAN PARTY,House,Incumbent,N,61886317,N000190
H0DC00058,"NORTON, ELEANOR HOLMES",DC,00,DEMOCRATIC PARTY,House,Incumbent,C,23600262,N000147
H0DC00058,"NORTON, ELEANOR HOLMES",DC,00,DEMOCRATIC PARTY,House,Incumbent,C,338625847,N000147
H2IA03119,"NUNN, ZACH",IA,03,REPUBLICAN PARTY,House,Incumbent,C,1610323831809363968,N000193
H2IA03119,"NUNN, ZACH",IA,03,REPUBLICAN PARTY,House,Incumbent,C,1412368005728722944,N000193
H0CA08135,"OBERNOLTE, JAY",CA,23,REPUBLICAN PARTY,House,Incumbent,C,272482466,O000019
H0CA08135,"OBERNOLTE, JAY",CA,23,REPUBLICAN PARTY,House,Incumbent,C,1291597452357771264,O000019
H8NY15148,"OCASIO-CORTEZ, ALEXANDRIA",NY,14,DEMOCRATIC PARTY,House,Incumbent,C,1079104563280527360,O000172
H8NY15148,"OCASIO-CORTEZ, ALEXANDRIA",NY,14,DEMOCRATIC PARTY,House,Incumbent,C,138203134,O000172
H6AZ01199,"O'HALLERAN, TOM",AZ,02,DEMOCRATIC PARTY,House,Incumbent,P,2573587962,O000171
H6AZ01199,"O'HALLERAN, TOM",AZ,02,DEMOCRATIC PARTY,House,Incumbent,P,808416682972770304,O000171
H8MN05239,"OMAR, ILHAN",MN,05,DEMOCRATIC-FARMER-LABOR,House,Incumbent,C,1082334352711790592,O000173
H8MN05239,"OMAR, ILHAN",MN,05,DEMOCRATIC-FARMER-LABOR,House,Incumbent,C,783792992,O000173
H0UT04076,"OWENS, BURGESS",UT,04,REPUBLICAN PARTY,House,Incumbent,C,1344481217685692416,O000086
H0UT04076,"OWENS, BURGESS",UT,04,REPUBLICAN PARTY,House,Incumbent,C,779104195,O000086
H0MS04120,"PALAZZO, STEVEN MCCARTY",MS,04,REPUBLICAN PARTY,House,Incumbent,P,116616867,P000601
H8NJ03073,"PALLONE, FRANK JR",NJ,06,DEMOCRATIC PARTY,House,Incumbent,N,1265423480,NA
H8NJ03073,"PALLONE, FRANK JR",NJ,06,DEMOCRATIC PARTY,House,Incumbent,N,494196108,NA
H8NJ03073,"PALLONE, FRANK JR",NJ,06,DEMOCRATIC PARTY,House,Incumbent,N,31801993,NA
H4AL06098,"PALMER, GARY",AL,06,REPUBLICAN PARTY,House,Incumbent,C,2861616083,P000609
H4AL06098,"PALMER, GARY",AL,06,REPUBLICAN PARTY,House,Incumbent,C,2147483647,P000609
H6CA20152,"PANETTA, JIMMY",CA,19,DEMOCRATIC PARTY,House,Incumbent,C,796736612554117120,P000613
H6CA20152,"PANETTA, JIMMY",CA,19,DEMOCRATIC PARTY,House,Incumbent,C,4228409359,P000613
H8NH01210,"PAPPAS, CHRIS",NH,01,DEMOCRATIC PARTY,House,Incumbent,N,1067748650485497856,P000614
H8NH01210,"PAPPAS, CHRIS",NH,01,DEMOCRATIC PARTY,House,Incumbent,N,574799823,P000614
H6NJ08118,"PASCRELL, WILLIAM J. JR.",NJ,09,DEMOCRATIC PARTY,House,Incumbent,C,74508260,P000096
H6NJ08118,"PASCRELL, WILLIAM J. JR.",NJ,09,DEMOCRATIC PARTY,House,Incumbent,C,515736574,P000096
H0FL13158,"PAULINA LUNA, ANNA",FL,13,REPUBLICAN PARTY,House,Incumbent,N,1610230835289923584,L000596
H0FL13158,"PAULINA LUNA, ANNA",FL,13,REPUBLICAN PARTY,House,Incumbent,N,1386669755654934528,L000596
H0FL13158,"PAULINA LUNA, ANNA",FL,13,REPUBLICAN PARTY,House,Incumbent,N,913308968809672704,L000596
H2NJ10154,"PAYNE, DONALD M MR. JR",NJ,10,DEMOCRATIC PARTY,House,Incumbent,C,1155335864,P000604
H2NJ10154,"PAYNE, DONALD M MR. JR",NJ,10,DEMOCRATIC PARTY,House,Incumbent,C,571909015,P000604
H8CA05035,"PELOSI, NANCY",CA,11,DEMOCRATIC PARTY,House,Incumbent,C,15764644,P000197
H8CA05035,"PELOSI, NANCY",CA,11,DEMOCRATIC PARTY,House,Incumbent,C,2461810448,P000197
H2AK01158,"PELTOLA, MARY",AK,00,DEMOCRATIC PARTY,House,Incumbent,C,1570080351674048512,P000619
H2AK01158,"PELTOLA, MARY",AK,00,DEMOCRATIC PARTY,House,Incumbent,C,1514353565510164480,P000619
H8IN06129,"PENCE, GREGORY J.",IN,06,REPUBLICAN PARTY,House,Incumbent,N,1082369392229400576,P000615
H8IN06129,"PENCE, GREGORY J.",IN,06,REPUBLICAN PARTY,House,Incumbent,N,890038958104735744,P000615
H6CO07023,"PERLMUTTER, EDWIN G",CO,07,DEMOCRATIC PARTY,House,Incumbent,P,20552026,P000593
H2PA04135,"PERRY, SCOTT",PA,10,REPUBLICAN PARTY,House,Incumbent,C,18773159,P000605
H2PA04135,"PERRY, SCOTT",PA,10,REPUBLICAN PARTY,House,Incumbent,C,1141369750821490688,P000605
H2CA52089,"PETERS, SCOTT",CA,50,DEMOCRATIC PARTY,House,Incumbent,C,1135486501,P000608
H2CA52089,"PETERS, SCOTT",CA,50,DEMOCRATIC PARTY,House,Incumbent,C,553863817,P000608
H2CA52089,"PETERS, SCOTT",CA,50,DEMOCRATIC PARTY,House,Incumbent,C,292594517,P000608
H8CO07045,"PETTERSEN, BRITTANY LOUISE",CO,07,DEMOCRATIC PARTY,House,Incumbent,C,483010877,P000620
H0TX11230,"PFLUGER, AUGUST LEE II",TX,11,REPUBLICAN PARTY,House,Incumbent,C,1341120751399809024,P000048
H0TX11230,"PFLUGER, AUGUST LEE II",TX,11,REPUBLICAN PARTY,House,Incumbent,C,1021216905795899392,P000048
H8MN03143,"PHILLIPS, DEAN",MN,03,DEMOCRATIC-FARMER-LABOR,House,Incumbent,C,1061310112013434880,P000616
H8MN03143,"PHILLIPS, DEAN",MN,03,DEMOCRATIC-FARMER-LABOR,House,Incumbent,C,39894447,P000616
H8ME01120,"PINGREE, CHELLIE M",ME,01,DEMOCRATIC PARTY,House,Incumbent,C,1002275817227980800,NA
H8ME01120,"PINGREE, CHELLIE M",ME,01,DEMOCRATIC PARTY,House,Incumbent,C,14984637,NA
H2VI00082,"PLASKETT, STACEY",VI,00,DEMOCRATIC PARTY,House,Incumbent,C,2724095695,P000610
H2VI00082,"PLASKETT, STACEY",VI,00,DEMOCRATIC PARTY,House,Incumbent,C,2147483647,P000610
H2WI02124,"POCAN, MARK",WI,02,DEMOCRATIC PARTY,House,Incumbent,C,1206227149,P000607
H2WI02124,"POCAN, MARK",WI,02,DEMOCRATIC PARTY,House,Incumbent,C,309070309,P000607
H8CA45130,"PORTER, KATHERINE",CA,47,DEMOCRATIC PARTY,House,Incumbent,N,1.08122283746e+18,P000618
H8CA45130,"PORTER, KATHERINE",CA,47,DEMOCRATIC PARTY,House,Incumbent,N,617266600,P000618
H8FL15107,"POSEY, BILL",FL,08,REPUBLICAN PARTY,House,Incumbent,C,25086658,P000599
H8MA07032,"PRESSLEY, AYANNA",MA,07,DEMOCRATIC PARTY,House,Incumbent,C,1080584229510172672,P000617
H8MA07032,"PRESSLEY, AYANNA",MA,07,DEMOCRATIC PARTY,House,Incumbent,C,31013444,P000617
H6NC04037,"PRICE, DAVID",NC,04,DEMOCRATIC PARTY,House,Incumbent,P,155669457,P000523
H0IL05096,"QUIGLEY, MIKE",IL,05,DEMOCRATIC PARTY,House,Incumbent,C,56864092,Q000023
H0IL05096,"QUIGLEY, MIKE",IL,05,DEMOCRATIC PARTY,House,Incumbent,C,15949499,Q000023
H6MD08457,"RASKIN, JAMIE",MD,08,DEMOCRATIC PARTY,House,Incumbent,C,806906355214852096,R000606
H6MD08457,"RASKIN, JAMIE",MD,08,DEMOCRATIC PARTY,House,Incumbent,C,549579841,R000606
H8PA18199,"RESCHENTHALER, GUY MR.",PA,14,REPUBLICAN PARTY,House,Incumbent,C,4205133682,R000610
H8PA18199,"RESCHENTHALER, GUY MR.",PA,14,REPUBLICAN PARTY,House,Incumbent,C,477223342,R000610
H4NY04075,"RICE, KATHLEEN",NY,04,DEMOCRATIC PARTY,House,Incumbent,P,82423741,R000602
H2SC07066,"RICE, TOM",SC,07,REPUBLICAN PARTY,House,Incumbent,P,1058345042,R000597
H2SC07066,"RICE, TOM",SC,07,REPUBLICAN PARTY,House,Incumbent,P,720672102,R000597
H8LA02054,"RICHMOND, CEDRIC L",LA,02,DEMOCRATIC PARTY,House,Incumbent,N,267854863,R000588
H0KY05015,"ROGERS, HAROLD DALLAS",KY,05,REPUBLICAN PARTY,House,Incumbent,N,550401754,R000395
H0KY05015,"ROGERS, HAROLD DALLAS",KY,05,REPUBLICAN PARTY,House,Incumbent,N,1273612350197825536,R000395
H2AL03032,"ROGERS, MICHAEL",AL,03,REPUBLICAN PARTY,House,Incumbent,C,33977070,R000575
H2AL03032,"ROGERS, MICHAEL",AL,03,REPUBLICAN PARTY,House,Incumbent,C,76069325,R000575
H8TN06094,"ROSE, JOHN W.",TN,06,REPUBLICAN PARTY,House,Incumbent,C,1081312310059253760,R000612
H8TN06094,"ROSE, JOHN W.",TN,06,REPUBLICAN PARTY,House,Incumbent,C,894940941039144960,R000612
H4MT00050,"ROSENDALE, MATT MR.",MT,02,REPUBLICAN PARTY,House,Incumbent,C,1344751420139040768,R000103
H4MT00050,"ROSENDALE, MATT MR.",MT,02,REPUBLICAN PARTY,House,Incumbent,C,1376252790,R000103
H0NC02125,"ROSS, DEBORAH",NC,02,DEMOCRATIC PARTY,House,Incumbent,C,1348683154815655936,R000305
H0NC02125,"ROSS, DEBORAH",NC,02,DEMOCRATIC PARTY,House,Incumbent,C,3806081652,R000305
H2NC07096,"ROUZER, DAVID",NC,07,REPUBLICAN PARTY,House,Incumbent,C,834069080,R000603
H2NC07096,"ROUZER, DAVID",NC,07,REPUBLICAN PARTY,House,Incumbent,C,127941167,R000603
H2CA33048,"ROYBAL-ALLARD, LUCILLE",CA,40,DEMOCRATIC PARTY,House,Incumbent,P,479872233,R000486
H8TX21307,"ROY, CHIP",TX,21,REPUBLICAN PARTY,House,Incumbent,C,1082790600292925440,R000614
H8TX21307,"ROY, CHIP",TX,21,REPUBLICAN PARTY,House,Incumbent,C,1257667158,R000614
H2CA36439,"RUIZ, RAUL DR.",CA,25,DEMOCRATIC PARTY,House,Incumbent,C,1089859058,R000599
H2CA36439,"RUIZ, RAUL DR.",CA,25,DEMOCRATIC PARTY,House,Incumbent,C,409522947,R000599
H2MD02160,"RUPPERSBERGER, C. A. DUTCH",MD,02,DEMOCRATIC PARTY,House,Incumbent,C,305620929,R000576
H2MD02160,"RUPPERSBERGER, C. A. DUTCH",MD,02,DEMOCRATIC PARTY,House,Incumbent,C,757666785244119040,R000576
H2IL01042,"RUSH, BOBBY LEE",IL,01,DEMOCRATIC PARTY,House,Incumbent,P,1197496992685051904,R000515
H2IL01042,"RUSH, BOBBY LEE",IL,01,DEMOCRATIC PARTY,House,Incumbent,P,305216911,R000515
H6FL04105,"RUTHERFORD, JOHN",FL,05,REPUBLICAN PARTY,House,Incumbent,C,828977216595849216,R000609
H6FL04105,"RUTHERFORD, JOHN",FL,05,REPUBLICAN PARTY,House,Incumbent,C,733672650120253440,R000609
H8NY19223,"RYAN, PATRICK",NY,18,DEMOCRATIC PARTY,House,Incumbent,C,1569400849130049536,R000579
H8NY19223,"RYAN, PATRICK",NY,18,DEMOCRATIC PARTY,House,Incumbent,C,172377413,R000579
H2OH17109,"RYAN, TIMOTHY",OH,13,DEMOCRATIC PARTY,House,Incumbent,C,13491312,R000577
H2OH17109,"RYAN, TIMOTHY",OH,13,DEMOCRATIC PARTY,House,Incumbent,C,466532637,R000577
H8MP00041,"SABLAN, GREGORIO KILILI CAMACHO REP.",MP,00,INDEPENDENT,House,Incumbent,N,926446070812602368,S001177
H8MP00041,"SABLAN, GREGORIO KILILI CAMACHO REP.",MP,00,INDEPENDENT,House,Incumbent,N,567654571,S001177
H8FL27185,"SALAZAR, MARIA ELVIRA",FL,27,REPUBLICAN PARTY,House,Incumbent,N,1325928411689349120,S000168
H8FL27185,"SALAZAR, MARIA ELVIRA",FL,27,REPUBLICAN PARTY,House,Incumbent,N,40282700,S000168
H2OR06066,"SALINAS, ANDREA",OR,06,DEMOCRATIC PARTY,House,Incumbent,C,4669604480,S001226
H2CA39078,"SANCHEZ, LINDA",CA,38,DEMOCRATIC PARTY,House,Incumbent,C,312134473,S001156
H2CA39078,"SANCHEZ, LINDA",CA,38,DEMOCRATIC PARTY,House,Incumbent,C,917408119222923264,S001156
H6MD03292,"SARBANES, JOHN P. MR.",MD,03,DEMOCRATIC PARTY,House,Incumbent,C,364415553,S001168
H6MD03292,"SARBANES, JOHN P. MR.",MD,03,DEMOCRATIC PARTY,House,Incumbent,C,259364314,S001168
H0LA01087,"SCALISE, STEVE MR",LA,01,REPUBLICAN PARTY,House,Incumbent,N,1209417007,S001176
H0LA01087,"SCALISE, STEVE MR",LA,01,REPUBLICAN PARTY,House,Incumbent,N,2746741969,S001176
H8PA07200,"SCANLON, MARY GAY",PA,05,DEMOCRATIC PARTY,House,Incumbent,C,1067541214671577088,S001205
H8PA07200,"SCANLON, MARY GAY",PA,05,DEMOCRATIC PARTY,House,Incumbent,C,961312723035394048,S001205
H8IL09067,"SCHAKOWSKY, JANICE D",IL,09,DEMOCRATIC PARTY,House,Incumbent,N,24195214,S001145
H8IL09067,"SCHAKOWSKY, JANICE D",IL,09,DEMOCRATIC PARTY,House,Incumbent,N,85896319,S001145
H0CA27085,"SCHIFF, ADAM",CA,30,DEMOCRATIC PARTY,House,Incumbent,N,29501253,S001150
H0CA27085,"SCHIFF, ADAM",CA,30,DEMOCRATIC PARTY,House,Incumbent,N,133028836,S001150
H2IL10068,"SCHNEIDER, BRADLEY S.",IL,10,DEMOCRATIC PARTY,House,Incumbent,C,1071840474,S001190
H2IL10068,"SCHNEIDER, BRADLEY S.",IL,10,DEMOCRATIC PARTY,House,Incumbent,C,278005891,S001190
H0MI03316,"SCHOLTEN, HILLARY",MI,03,DEMOCRATIC PARTY,House,Incumbent,C,1106949340197801984,S001221
H8OR05107,"SCHRADER, KURT",OR,05,DEMOCRATIC PARTY,House,Incumbent,P,20545793,S001180
H8WA08189,"SCHRIER, KIM DR.",WA,08,DEMOCRATIC PARTY,House,Incumbent,C,1080462532815532032,S001216
H8WA08189,"SCHRIER, KIM DR.",WA,08,DEMOCRATIC PARTY,House,Incumbent,C,862393019173003264,S001216
H4AZ06045,"SCHWEIKERT, DAVID S.",AZ,01,REPUBLICAN PARTY,House,Incumbent,C,21509894,NA
H4AZ06045,"SCHWEIKERT, DAVID S.",AZ,01,REPUBLICAN PARTY,House,Incumbent,C,229197216,NA
H2GA13012,"SCOTT, DAVID ALBERT",GA,13,DEMOCRATIC PARTY,House,Incumbent,C,168673083,S001157
H2GA13012,"SCOTT, DAVID ALBERT",GA,13,DEMOCRATIC PARTY,House,Incumbent,C,170341758,S001157
H0GA08099,"SCOTT, JAMES AUSTIN",GA,08,REPUBLICAN PARTY,House,Incumbent,C,234797704,S001189
H0GA08099,"SCOTT, JAMES AUSTIN",GA,08,REPUBLICAN PARTY,House,Incumbent,C,31191969,S001189
H6VA01117,"SCOTT, ROBERT C",VA,03,DEMOCRATIC PARTY,House,Incumbent,N,161791703,S000185
H6VA01117,"SCOTT, ROBERT C",VA,03,DEMOCRATIC PARTY,House,Incumbent,N,319829219,S000185
H2TX03126,"SESSIONS, PETE",TX,17,REPUBLICAN PARTY,House,Incumbent,C,24735461,S000250
H0AL07086,"SEWELL, TERRI A.",AL,07,DEMOCRATIC PARTY,House,Incumbent,C,381152398,S001185
H0AL07086,"SEWELL, TERRI A.",AL,07,DEMOCRATIC PARTY,House,Incumbent,C,69326168,S001185
H6CA24113,"SHERMAN, BRAD",CA,32,DEMOCRATIC PARTY,House,Incumbent,C,30216513,S000344
H6CA24113,"SHERMAN, BRAD",CA,32,DEMOCRATIC PARTY,House,Incumbent,C,494291143,S000344
H8NJ11142,"SHERRILL, MIKIE",NJ,11,DEMOCRATIC PARTY,House,Incumbent,C,1080569698536878080,S001207
H8NJ11142,"SHERRILL, MIKIE",NJ,11,DEMOCRATIC PARTY,House,Incumbent,C,1577754348,S001207
H8ID02064,"SIMPSON, MICHAEL",ID,02,REPUBLICAN PARTY,House,Incumbent,C,76132891,S001148
H8ID02064,"SIMPSON, MICHAEL",ID,02,REPUBLICAN PARTY,House,Incumbent,C,314223728,S001148
H6NJ13191,"SIRES, ALBIO",NJ,08,DEMOCRATIC PARTY,House,Incumbent,P,18696134,S001165
H8MI08102,"SLOTKIN, ELISSA",MI,07,DEMOCRATIC PARTY,House,Incumbent,C,1078401427347857408,S001208
H8MI08102,"SLOTKIN, ELISSA",MI,07,DEMOCRATIC PARTY,House,Incumbent,C,860547911268139008,S001208
H6NE03115,"SMITH, ADRIAN",NE,03,REPUBLICAN PARTY,House,Incumbent,C,296245061,S001172
H6WA09025,"SMITH, D. ADAM",WA,09,DEMOCRATIC PARTY,House,Incumbent,C,58928690,S000510
H6WA09025,"SMITH, D. ADAM",WA,09,DEMOCRATIC PARTY,House,Incumbent,C,50789200,S000510
H4MO08162,"SMITH, JASON T",MO,08,REPUBLICAN PARTY,House,Incumbent,C,1623308912,S001195
H4MO08162,"SMITH, JASON T",MO,08,REPUBLICAN PARTY,House,Incumbent,C,26653478,S001195
H6PA16320,"SMUCKER, LLOYD K.",PA,11,REPUBLICAN PARTY,House,Incumbent,C,41417564,S001199
H6PA16320,"SMUCKER, LLOYD K.",PA,11,REPUBLICAN PARTY,House,Incumbent,C,4212470319,S001199
H2IL17147,"SORENSEN, ERIC",IL,17,DEMOCRATIC PARTY,House,Incumbent,C,1611441794704674816,S001225
H2IL17147,"SORENSEN, ERIC",IL,17,DEMOCRATIC PARTY,House,Incumbent,C,7698032,S001225
H6FL09179,"SOTO, DARREN",FL,09,DEMOCRATIC PARTY,House,Incumbent,C,818713465653051392,S001200
H6FL09179,"SOTO, DARREN",FL,09,DEMOCRATIC PARTY,House,Incumbent,C,1730030220,S001200
H8VA07094,"SPANBERGER, ABIGAIL",VA,07,DEMOCRATIC PARTY,House,Incumbent,C,1078771401497161728,S001209
H8VA07094,"SPANBERGER, ABIGAIL",VA,07,DEMOCRATIC PARTY,House,Incumbent,C,882958562296819712,S001209
H0IN05326,"SPARTZ, VICTORIA",IN,05,REPUBLICAN PARTY,House,Incumbent,C,1344845201479663616,S000929
H0IN05326,"SPARTZ, VICTORIA",IN,05,REPUBLICAN PARTY,House,Incumbent,C,1205364420,S000929
H8CA12171,"SPEIER, JACKIE",CA,14,DEMOCRATIC PARTY,House,Incumbent,P,24913074,S001175
H2NM01144,"STANSBURY, MELANIE",NM,01,DEMOCRATIC PARTY,House,Incumbent,C,1404519992582942720,S001218
H2NM01144,"STANSBURY, MELANIE",NM,01,DEMOCRATIC PARTY,House,Incumbent,C,961359779003121664,S001218
H8AZ09040,"STANTON, GREG",AZ,04,DEMOCRATIC PARTY,House,Incumbent,C,1080885078425784320,S001211
H8AZ09040,"STANTON, GREG",AZ,04,DEMOCRATIC PARTY,House,Incumbent,C,218292287,S001211
H8MN08043,"STAUBER, PETER ALLEN",MN,08,REPUBLICAN PARTY,House,Incumbent,C,1075830599007510528,S001212
H8MN08043,"STAUBER, PETER ALLEN",MN,08,REPUBLICAN PARTY,House,Incumbent,C,883069589722198016,S001212
H0CA48198,"STEEL, MICHELLE",CA,45,REPUBLICAN PARTY,House,Incumbent,C,1343740146630451200,S001135
H0CA48198,"STEEL, MICHELLE",CA,45,REPUBLICAN PARTY,House,Incumbent,C,1122934522134315008,S001135
H4NY21079,"STEFANIK, ELISE M.",NY,21,REPUBLICAN PARTY,House,Incumbent,C,2962813893,S001196
H4NY21079,"STEFANIK, ELISE M.",NY,21,REPUBLICAN PARTY,House,Incumbent,C,2147483647,S001196
H4NY21079,"STEFANIK, ELISE M.",NY,21,REPUBLICAN PARTY,House,Incumbent,C,109579534,S001196
H8WI01156,"STEIL, BRYAN GEORGE",WI,01,REPUBLICAN PARTY,House,Incumbent,N,1075205691621720064,S001213
H8WI01156,"STEIL, BRYAN GEORGE",WI,01,REPUBLICAN PARTY,House,Incumbent,N,986423555025002496,S001213
H8FL17053,"STEUBE, GREG",FL,17,REPUBLICAN PARTY,House,Incumbent,N,1083125649609506816,S001214
H8FL17053,"STEUBE, GREG",FL,17,REPUBLICAN PARTY,House,Incumbent,N,21924842,S001214
H8MI11254,"STEVENS, HALEY",MI,11,DEMOCRATIC PARTY,House,Incumbent,C,1076161611033968640,S001215
H8MI11254,"STEVENS, HALEY",MI,11,DEMOCRATIC PARTY,House,Incumbent,C,391445643,S001215
H2UT02324,"STEWART, CHRIS",UT,02,REPUBLICAN PARTY,House,Incumbent,N,1072008757,S001192
H2UT02324,"STEWART, CHRIS",UT,02,REPUBLICAN PARTY,House,Incumbent,N,395419988,S001192
H8OH15076,"STIVERS, STEVE MR.",OH,15,REPUBLICAN PARTY,House,Incumbent,P,59536644,S001187
H8OH15076,"STIVERS, STEVE MR.",OH,15,REPUBLICAN PARTY,House,Incumbent,P,211420609,S001187
H0WA10034,"STRICKLAND, MARILYN",WA,10,DEMOCRATIC PARTY,House,Incumbent,C,1343646545955213312,S001159
H0WA10034,"STRICKLAND, MARILYN",WA,10,DEMOCRATIC PARTY,House,Incumbent,C,1206654366758785024,S001159
H6NY03247,"SUOZZI, THOMAS",NY,03,DEMOCRATIC PARTY,House,Incumbent,P,816705409486618624,S001201
H2CA15094,"SWALWELL, ERIC MICHAEL",CA,14,DEMOCRATIC PARTY,House,Incumbent,C,942156122,S001193
H2CA15094,"SWALWELL, ERIC MICHAEL",CA,14,DEMOCRATIC PARTY,House,Incumbent,C,377609596,S001193
H2OH13264,"SYKES, EMILIA",OH,13,DEMOCRATIC PARTY,House,Incumbent,C,1611527835742519296,S001223
H2OH13264,"SYKES, EMILIA",OH,13,DEMOCRATIC PARTY,House,Incumbent,C,1871673438,S001223
H2CA43245,"TAKANO, MARK",CA,39,DEMOCRATIC PARTY,House,Incumbent,C,1037321378,T000472
H2CA43245,"TAKANO, MARK",CA,39,DEMOCRATIC PARTY,House,Incumbent,C,316165422,T000472
H8TX03123,"TAYLOR, NICHOLAS V.",TX,03,REPUBLICAN PARTY,House,Incumbent,P,21826591,T000479
H4NY22051,"TENNEY, CLAUDIA",NY,24,REPUBLICAN PARTY,House,Incumbent,N,797201048490430464,T000478
H4NY22051,"TENNEY, CLAUDIA",NY,24,REPUBLICAN PARTY,House,Incumbent,N,756285384,T000478
H2MI13204,"THANEDAR, SHRI",MI,13,DEMOCRATIC PARTY,House,Incumbent,C,1610719275265802240,T000488
H2MI13204,"THANEDAR, SHRI",MI,13,DEMOCRATIC PARTY,House,Incumbent,C,2965326656,T000488
H4MS02068,"THOMPSON, BENNIE G.",MS,02,DEMOCRATIC PARTY,House,Incumbent,C,82453460,T000193
H4MS02068,"THOMPSON, BENNIE G.",MS,02,DEMOCRATIC PARTY,House,Incumbent,C,1298346252673994752,T000193
H8PA05071,"THOMPSON, GLENN MR.",PA,15,REPUBLICAN PARTY,House,Incumbent,C,18967498,T000467
H8PA05071,"THOMPSON, GLENN MR.",PA,15,REPUBLICAN PARTY,House,Incumbent,C,304138251,T000467
H8CA01109,"THOMPSON, MIKE MR.",CA,04,DEMOCRATIC PARTY,House,Incumbent,C,303861808,T000460
H8CA01109,"THOMPSON, MIKE MR.",CA,04,DEMOCRATIC PARTY,House,Incumbent,C,3612420317,T000460
H0WI07101,"TIFFANY, TOM",WI,07,UNKNOWN,House,Incumbent,C,1267841066335682560,T000165
H0WI07101,"TIFFANY, TOM",WI,07,UNKNOWN,House,Incumbent,C,3389296557,T000165
H8SC04250,"TIMMONS, WILLIAM R IV",SC,04,REPUBLICAN PARTY,House,Incumbent,C,1079770852302958592,T000480
H8SC04250,"TIMMONS, WILLIAM R IV",SC,04,REPUBLICAN PARTY,House,Incumbent,C,958510641228275712,T000480
H8NV03036,"TITUS, DINA",NV,01,DEMOCRATIC PARTY,House,Incumbent,C,122174004,T000468
H8NV03036,"TITUS, DINA",NV,01,DEMOCRATIC PARTY,House,Incumbent,C,17907578,T000468
H8MI13250,"TLAIB, RASHIDA",MI,12,DEMOCRATIC PARTY,House,Incumbent,C,1079769536730140672,T000481
H8MI13250,"TLAIB, RASHIDA",MI,12,DEMOCRATIC PARTY,House,Incumbent,C,435331179,T000481
H2HI02581,"TOKUDA, JILL NAOMI",HI,02,DEMOCRATIC PARTY,House,Incumbent,N,1610730477563805696,T000487
H2HI02581,"TOKUDA, JILL NAOMI",HI,02,DEMOCRATIC PARTY,House,Incumbent,N,1445657911368192000,T000487
H8NY21203,"TONKO, PAUL DAVID",NY,20,DEMOCRATIC PARTY,House,Incumbent,C,84119348,T000469
H8NY21203,"TONKO, PAUL DAVID",NY,20,DEMOCRATIC PARTY,House,Incumbent,C,153865861,T000469
H4CA35031,"TORRES, NORMA",CA,35,DEMOCRATIC PARTY,House,Incumbent,C,236279233,T000474
H4CA35031,"TORRES, NORMA",CA,35,DEMOCRATIC PARTY,House,Incumbent,C,2147483647,T000474
H0NY15160,"TORRES, RITCHIE JOHN",NY,15,DEMOCRATIC PARTY,House,Incumbent,C,1276403757224546304,T000486
H0NY15160,"TORRES, RITCHIE JOHN",NY,15,DEMOCRATIC PARTY,House,Incumbent,C,1247612029,T000486
H8MA03106,"TRAHAN, LORI",MA,03,DEMOCRATIC PARTY,House,Incumbent,C,1079802482640019456,T000482
H6MD08549,"TRONE, DAVID",MD,06,DEMOCRATIC PARTY,House,Incumbent,C,1080573351914061824,T000483
H6MD08549,"TRONE, DAVID",MD,06,DEMOCRATIC PARTY,House,Incumbent,C,4851790919,T000483
H2OH03067,"TURNER, MICHAEL R REP.",OH,10,REPUBLICAN PARTY,House,Incumbent,C,380498919,NA
H2OH03067,"TURNER, MICHAEL R REP.",OH,10,REPUBLICAN PARTY,House,Incumbent,C,51228911,NA
H8IL14174,"UNDERWOOD, LAUREN",IL,14,DEMOCRATIC PARTY,House,Incumbent,C,1080539438508400640,U000040
H8IL14174,"UNDERWOOD, LAUREN",IL,14,DEMOCRATIC PARTY,House,Incumbent,C,872156132688711680,U000040
H6MI04113,"UPTON, FREDERICK STEPHEN",MI,06,REPUBLICAN PARTY,House,Incumbent,P,124224165,U000031
H2CA20094,"VALADAO, DAVID",CA,22,REPUBLICAN PARTY,House,Incumbent,C,1128514404,V000129
H2CA20094,"VALADAO, DAVID",CA,22,REPUBLICAN PARTY,House,Incumbent,C,36676406,V000129
H8NJ02166,"VAN DREW, JEFF MR",NJ,02,REPUBLICAN PARTY,House,Incumbent,C,1468677099594698752,V000133
H8NJ02166,"VAN DREW, JEFF MR",NJ,02,REPUBLICAN PARTY,House,Incumbent,C,1083469084648505344,V000133
H8NJ02166,"VAN DREW, JEFF MR",NJ,02,REPUBLICAN PARTY,House,Incumbent,C,935756923806343168,V000133
H0TX24209,"VAN DUYNE, ELIZABETH ANN",TX,24,REPUBLICAN PARTY,House,Incumbent,C,1339633259349745664,V000134
H0TX24209,"VAN DUYNE, ELIZABETH ANN",TX,24,REPUBLICAN PARTY,House,Incumbent,C,489856457,V000134
H0WI03175,"VAN ORDEN, DERRICK F. MR.",WI,03,REPUBLICAN PARTY,House,Incumbent,C,1598778014401269760,V000135
H0WI03175,"VAN ORDEN, DERRICK F. MR.",WI,03,REPUBLICAN PARTY,House,Incumbent,C,2580992246,V000135
H2CA50026,"VARGAS, JUAN C.",CA,52,DEMOCRATIC PARTY,House,Incumbent,C,1260172386,V000130
H2CA50026,"VARGAS, JUAN C.",CA,52,DEMOCRATIC PARTY,House,Incumbent,C,360688582,V000130
H2NM02191,"VASQUEZ, GABRIEL",NM,02,DEMOCRATIC PARTY,House,Incumbent,C,2151608598,V000136
H2TX33073,"VEASEY, MARC ALLISON",TX,33,DEMOCRATIC PARTY,House,Incumbent,C,1074129612,V000131
H2TX33073,"VEASEY, MARC ALLISON",TX,33,DEMOCRATIC PARTY,House,Incumbent,C,20688358,V000131
H2TX27190,"VELA, FILEMON",TX,34,DEMOCRATIC PARTY,House,Incumbent,P,1083448909,V000132
H2NY00010,"VELAZQUEZ, NYDIA M.",NY,07,DEMOCRATIC PARTY,House,Incumbent,N,164369297,V000081
H2NY00010,"VELAZQUEZ, NYDIA M.",NY,07,DEMOCRATIC PARTY,House,Incumbent,N,721127537674489856,V000081
H2MO02102,"WAGNER, ANN L.",MO,02,REPUBLICAN PARTY,House,Incumbent,C,1051446626,W000812
H2MO02102,"WAGNER, ANN L.",MO,02,REPUBLICAN PARTY,House,Incumbent,C,219010139,W000812
H4MI07103,"WALBERG, TIMOTHY L REP",MI,05,REPUBLICAN PARTY,House,Incumbent,C,237862972,W000798
H4MI07103,"WALBERG, TIMOTHY L REP",MI,05,REPUBLICAN PARTY,House,Incumbent,C,146099856,W000798
H0IN02190,"WALORSKI SWIHART, JACKIE",IN,02,REPUBLICAN PARTY,House,Incumbent,P,1065995022,W000813
H0IN02190,"WALORSKI SWIHART, JACKIE",IN,02,REPUBLICAN PARTY,House,Incumbent,P,137172797,W000813
H0IN02190,"WALORSKI SWIHART, JACKIE",IN,02,REPUBLICAN PARTY,House,Incumbent,P,14562874,W000813
H8FL06148,"WALTZ, MICHAEL",FL,06,REPUBLICAN PARTY,House,Incumbent,N,1082416697380913152,W000823
H8FL06148,"WALTZ, MICHAEL",FL,06,REPUBLICAN PARTY,House,Incumbent,N,833673914,W000823
H4FL20023,"WASSERMAN SCHULTZ, DEBBIE",FL,25,DEMOCRATIC PARTY,House,Incumbent,C,1140648348,W000797
H4FL20023,"WASSERMAN SCHULTZ, DEBBIE",FL,25,DEMOCRATIC PARTY,House,Incumbent,C,115979444,W000797
H4CA23011,"WATERS, MAXINE MS",CA,43,DEMOCRATIC PARTY,House,Incumbent,N,36686040,W000187
H4CA23011,"WATERS, MAXINE MS",CA,43,DEMOCRATIC PARTY,House,Incumbent,N,3166120541,W000187
H4CA23011,"WATERS, MAXINE MS",CA,43,DEMOCRATIC PARTY,House,Incumbent,N,191066960,W000187
H2TX14149,"WEBER, RANDY",TX,14,REPUBLICAN PARTY,House,Incumbent,N,1058051748,W000814
H2TX14149,"WEBER, RANDY",TX,14,REPUBLICAN PARTY,House,Incumbent,N,373586796,W000814
H0FL08208,"WEBSTER, DANIEL",FL,11,REPUBLICAN PARTY,House,Incumbent,N,136526394,NA
H0FL08208,"WEBSTER, DANIEL",FL,11,REPUBLICAN PARTY,House,Incumbent,N,281540744,NA
H6VT00160,"WELCH, PETER",VT,00,DEMOCRATIC PARTY,House,Incumbent,P,1410590874,NA
H2OH02085,"WENSTRUP, BRAD DR.",OH,02,REPUBLICAN PARTY,House,Incumbent,C,518644221,W000815
H2OH02085,"WENSTRUP, BRAD DR.",OH,02,REPUBLICAN PARTY,House,Incumbent,C,313719282,W000815
H4AR04048,"WESTERMAN, BRUCE",AR,04,REPUBLICAN PARTY,House,Incumbent,C,2852998461,W000821
H4AR04048,"WESTERMAN, BRUCE",AR,04,REPUBLICAN PARTY,House,Incumbent,C,342677019,W000821
H4AR04048,"WESTERMAN, BRUCE",AR,04,REPUBLICAN PARTY,House,Incumbent,C,2147483647,W000821
H4AR04048,"WESTERMAN, BRUCE",AR,04,REPUBLICAN PARTY,House,Incumbent,C,1592481150,W000821
H8VA10106,"WEXTON, JENNIFER",VA,10,DEMOCRATIC PARTY,House,Incumbent,C,1017819745880543232,W000825
H8VA10106,"WEXTON, JENNIFER",VA,10,DEMOCRATIC PARTY,House,Incumbent,C,2212905492,W000825
H8PA15229,"WILD, SUSAN",PA,07,DEMOCRATIC PARTY,House,Incumbent,C,1.069636653353e+18,W000826
H8PA15229,"WILD, SUSAN",PA,07,DEMOCRATIC PARTY,House,Incumbent,C,533324996,W000826
H2NY22212,"WILLIAMS, BRANDON MCDONALD",NY,22,REPUBLICAN PARTY,House,Incumbent,C,1496341259539161088,W000828
H0GA05301,"WILLIAMS, NIKEMA N.",GA,05,DEMOCRATIC PARTY,House,Incumbent,C,1345461797361504256,W000788
H0GA05301,"WILLIAMS, NIKEMA N.",GA,05,DEMOCRATIC PARTY,House,Incumbent,C,36424664,W000788
H2TX33040,"WILLIAMS, ROGER",TX,25,REPUBLICAN PARTY,House,Incumbent,C,1077446982,NA
H2TX33040,"WILLIAMS, ROGER",TX,25,REPUBLICAN PARTY,House,Incumbent,C,18197328,NA
H0FL17068,"WILSON, FREDERICA S.",FL,24,DEMOCRATIC PARTY,House,Incumbent,N,234014087,W000808
H2SC02059,"WILSON, JOE THE HON.",SC,02,REPUBLICAN PARTY,House,Incumbent,N,254082173,W000795
H2SC02059,"WILSON, JOE THE HON.",SC,02,REPUBLICAN PARTY,House,Incumbent,N,15116570,W000795
H8VA01147,"WITTMAN, ROBERT J. MR.",VA,01,REPUBLICAN PARTY,House,Incumbent,C,15356407,W000804
H8VA01147,"WITTMAN, ROBERT J. MR.",VA,01,REPUBLICAN PARTY,House,Incumbent,C,46184745,W000804
H0AR03055,"WOMACK, STEPHEN A THE HON",AR,03,REPUBLICAN PARTY,House,Incumbent,C,234469322,W000809
H0AR03055,"WOMACK, STEPHEN A THE HON",AR,03,REPUBLICAN PARTY,House,Incumbent,C,112651673,W000809
H8TX06233,"WRIGHT, RON",TX,06,REPUBLICAN PARTY,House,Incumbent,C,1080854935535800320,W000827
H2IN02295,"YAKYM, RUDY C. III",IN,02,REPUBLICAN PARTY,House,Incumbent,N,1605665632858607616,Y000067
H2IN02295,"YAKYM, RUDY C. III",IN,02,REPUBLICAN PARTY,House,Incumbent,N,1559946724986306560,Y000067
H6KY03124,"YARMUTH, JOHN",KY,03,DEMOCRATIC PARTY,House,Incumbent,P,384913290,Y000062
H8NY01148,"ZELDIN, LEE MICHAEL",NY,01,REPUBLICAN PARTY,House,Incumbent,P,2147483647,Z000017
H4MT01041,"ZINKE, RYAN K",MT,01,REPUBLICAN PARTY,House,Incumbent,C,1906282568,Z000018
