name,party_chr,party_num,state,district,partisanship
"AADLAND, ERIK",Republican,1,CO,7,0.8856058094623809
"ADAMS, ALMA SHEALEY",Democrat,0,NC,12,0.8472656038916839
"ADKINS, AMANDA",Republican,1,KS,3,0.9189678796498708
"AGUILAR, PETE",Democrat,0,CA,33,0.8766105619660298
"AIKEN, CLAYTON CLAY",Democrat,0,NC,4,0.16954682329603932
"AKANA, JOSEPH",Republican,1,HI,2,0.5030321588322682
"AL-ABDRABBUH, SAMI",Democrat,0,OR,4,0.8701748993129306
"ALCIERE, TOM",Republican,1,NH,1,0.8369332236604659
"ALCUBILLA, SERGIO JOSEPHUS MR. III",Democrat,0,HI,1,0.8260463996210748
"ALEXANDER, TIMOTHY C",Democrat,0,NJ,2,0.8495629062650694
"ALFONSO, JOSEPH",Democrat,0,MI,4,0.8534985551497265
"ALLEN, RICHARD W",Republican,1,GA,12,0.9033295591175217
"ALLRED, COLIN",Democrat,0,TX,32,0.8463937519635452
"ALMONORD, VALBRUN DR.",Democrat,0,GA,3,0.849566049911567
"ALTMAN, LARRY THOMAS III",Republican,1,VA,2,0.936759126018498
"AMODEI, MARK EUGENE",Republican,1,NV,2,0.3916863363301262
"ANDERSON, DAVID LEE JR",Democrat,0,TX,21,0.2869541985939138
"ANDERSON, DERRICK",Republican,1,VA,7,0.919732098251181
"ANDERSON, TOBY",Republican,1,NJ,11,0.8528360603576011
"ANDREWS, JEANETTE",Republican,1,KY,5,0.8857143241550163
"ANDREWS, NAOMI",Democrat,0,OK,2,0.8853933893664048
"ANGEL, ANGELA",Democrat,0,MD,4,0.26112025802596617
"ARENHOLZ, ASHLEY HINSON",Republican,1,IA,2,0.9272197090209682
"ARMENDARIZ-JACKSON, IRENE",Republican,1,TX,16,0.9160187434044025
"ARMSTRONG, KELLY",Republican,1,ND,0,0.8912756661790744
"ARRINGTON, JODEY",Republican,1,TX,19,0.9314309354025572
"ASENCIO, ROBERT",Democrat,0,FL,28,0.8377819259141579
"ATENCIO, RUDY A",Republican,1,TX,7,0.8943494260840956
"AUCHINCLOSS, JAKE",Democrat,0,MA,4,0.78116429497090345
"AUSTIN, GERALD DARRYLL",Republican,1,NC,6,0.9194940068516733
"BAAN, ANDY",Republican,1,VA,2,0.9100393366275354
"BABBAGE, LISA NOEL DR.",Republican,1,GA,7,0.8894154677113528
"BABIN, BRIAN",Republican,1,TX,36,0.920609278956392
"BACON, DONALD J",Republican,1,NE,2,0.8963656769702539
"BAH, OMAR",Democrat,0,RI,2,0.8474967630159944
"BAIRD, JAMES R DR.",Republican,1,IN,4,0.9310860497280002
"BALDERRAMOS ROBINSON, CORINNA",Democrat,0,FL,21,0.7145619836201661
"BALDERSON, WILLIAM TROY",Republican,1,OH,12,0.8952819366141305
"BANKS, JAMES E HON.",Republican,1,IN,3,0.9223304250867612
"BANYAI, CINDY LYN",Democrat,0,FL,19,0.8414749790448748
"BARR, GARLAND ANDY",Republican,1,KY,6,0.9424671981268533
"BARRAGAN, NANETTE",Democrat,0,CA,44,0.846767636661763
"BARRY, CHARITY",Republican,1,WI,2,0.5837260330544354
"BASS, KAREN",Democrat,0,CA,37,0.8863036939382768
"BEACH, EMILY",Democrat,0,CA,15,0.8387050271266552
"BEAN, AARON P.",Republican,1,FL,4,0.8889534994296764
"BEATTY, JOYCE",Democrat,0,OH,3,0.8797707683459763
"BECK, JOEL",Republican,1,NV,2,0.850150918755358
"BECKER, APRIL",Republican,1,NV,3,0.8466250761760024
"BENAVIDES, TANNYA",Democrat,0,TX,28,0.5571045690127698
"BENFIELD, ERIKA",Republican,1,FL,7,0.8939276561172973
"BENJAMIN, LEON MR. SR.",Republican,1,VA,4,0.9377222116523896
"BENTZ, CLIFF",Republican,1,OR,2,0.9303792597307439
"BERA, AMERISH",Democrat,0,CA,6,0.8818909627294577
"BERGMAN, JOHN",Republican,1,MI,1,0.9179116704993866
"BERGMANN, CHARLOTTE",Republican,1,TN,9,0.8614881832795005
"BIAGGI, ALESSANDRA",Democrat,0,NY,17,0.8861030699009596
"BIGGS, ANDY",Republican,1,AZ,5,0.9081362243922044
"BILIRAKIS, GUS M",Republican,1,FL,12,0.8953872162432439
"BISH, CHRISTINE",Republican,1,CA,6,0.6367510417947169
"BISHOP, SANFORD",Democrat,0,GA,2,0.894485830752042
"BLACK, ANNIE",Republican,1,NV,4,0.9423119635767838
"BLACK, DIANNE DODSON",Democrat,0,MS,1,0.3028932386879932
"BLACKMAN, WALTER JACK",Republican,1,AZ,2,0.8941743587423228
"BLALOCK, KEVIN ANDREW",Republican,1,AL,5,0.9296974544253873
"BLUMENAUER, EARL",Democrat,0,OR,3,0.8497096389514843
"BLUNT ROCHESTER, LISA",Democrat,0,DE,0,0.8713103708380874
"BOGNET, JIM",Republican,1,PA,8,0.9360334913925967
"BOHANNAN, CHRISTINA",Democrat,0,IA,1,0.775776764721591
"BONAMICI, SUZANNE MS.",Democrat,0,OR,1,0.8531620003373838
"BONAVENTURA, CHANCE",Republican,1,NV,4,0.2211031488959545
"BOST, MICHAEL",Republican,1,IL,12,0.9016980511160557
"BOUCHARD, ANTHONY",Republican,1,WY,0,0.5592787882638688
"BOURDEAUX, CAROLYN",Democrat,0,GA,7,0.9237408530393328
"BOWMAN, JAMAAL",Democrat,0,NY,16,0.8958847501580829
"BOYLE, BRENDAN F",Democrat,0,PA,2,0.8285784900068031
"BRACY, RANDOLPH",Democrat,0,FL,10,0.6436927328320383
"BRADLEY, CHRISTOPHER",Democrat,0,FL,14,0.01013236495405856
"BRANNON, MARY",Democrat,0,OK,4,0.8491462483952921
"BRATTIN, RICHARD RAY JR.",Republican,1,MO,4,0.666789236396085
"BRECHEEN, JOSH",Republican,1,OK,2,0.8876610748043845
"BROOKS, NATISHA LOUISE",Republican,1,TN,5,0.033261819771864154
"BROWN, ANTHONY",Democrat,0,MD,4,0.8720791638154001
"BROWN, JESSE",Republican,1,MA,9,0.89622178758285
"BROWNLEY, JULIA",Democrat,0,CA,26,0.8847034738430483
"BRUCE, KALENA",Republican,1,MO,4,0.8973359251050375
"BRYANT, ALEX L",Republican,1,MO,7,0.7691170317504696
"BUCHANAN, VERNON",Republican,1,FL,16,0.8977733277522577
"BUCK, KENNETH R",Republican,1,CO,4,0.9021079769527856
"BUCSHON, LARRY D.",Republican,1,IN,8,0.8414174755617667
"BUDD, JOE",Republican,1,FL,23,0.7160007118931493
"BUDD, THEODORE P.",Republican,1,NC,13,0.900234158823926
"BURAU, JUSTIN",Republican,1,IL,3,0.7341895097802571
"BURKE, ROBERT G.",Republican,1,MA,8,0.043126298683474174
"BURKS, TAYLOR",Republican,1,MO,4,0.9119269779040409
"BURLISON, ERIC",Republican,1,MO,7,0.5050406347921976
"BURNS, MARK",Republican,1,SC,4,0.917035070866167
"BURNS, ROBERT ANDREW MR.",Republican,1,NH,2,0.8935617355490026
"BURRIL, MATTHEW",Republican,1,NC,11,0.8956393816485417
"BUSH, CORI",Democrat,0,MO,1,0.8547553862824883
"BUTTAR, SHAHID",Democrat,0,CA,11,0.29665409680574517
"CALVERT, KEN",Republican,1,CA,41,0.8628397233240348
"CAMMACK, KAT",Republican,1,FL,3,0.9429699349396401
"CAMPBELL, HEIDI",Democrat,0,TN,5,0.870923614273067
"CANNING, DOYLE",Democrat,0,OR,4,0.819948209624292
"CARACAMO, RAFAEL DR.",Republican,1,CA,35,0.8754119956457456
"CARAVEO, YADIRA",Democrat,0,CO,8,0.6212703837958993
"CARDENAS, TONY",Democrat,0,CA,29,0.8939687924555791
"CAREY, MIKE",Republican,1,OH,15,0.9411573866781238
"CARL, JERRY LEE, JR",Republican,1,AL,1,0.9359843445470448
"CARLSON, ERIC JOSEPH MR.",Republican,1,IL,1,0.8730996532286577
"CARPIO, MONICA",Republican,1,VA,8,0.867449519601059
"CARROLL, MARK JOSEPH",Republican,1,IL,11,0.6280211550481867
"CARSON, ANDRE",Democrat,0,IN,7,0.8777766252256354
"CARTER, EARL LEROY",Republican,1,GA,1,0.923598735958882
"CARTWRIGHT, MATTHEW A.",Democrat,0,PA,8,0.8938151624580895
"CASTELLI, MATT",Democrat,0,NY,21,0.8407741325532091
"CASTEN, SEAN",Democrat,0,IL,6,0.8949412908065167
"CASTILLO, JOSE",Republican,1,FL,9,0.9279575277815313
"CASTOR, KATHY",Democrat,0,FL,14,0.8890597570927767
"CASTRO, JOAQUIN",Democrat,0,TX,20,0.8535373658019476
"CATALA, RYAN JOSHUA",Republican,1,TX,12,0.34068025980886785
"CAVALERI, VINCENT",Republican,1,WA,1,0.8664952257600236
"CAVALIER, CRYSTAL ANN",Democrat,0,NC,4,0.847538184853911
"CAWTHORN, DAVID MADISON",Republican,1,NC,11,0.931371749152998
"CHABOT, STEVE",Republican,1,OH,1,0.9009434444344442
"CHEHADE, IYMEN",Democrat,0,IL,3,0.2183364693382711
"CHEN, JAY",Democrat,0,CA,45,0.8498906657070154
"CHENEY, ELIZABETH MRS.",Republican,1,WY,0,0.9268501658710873
"CHERFILUS-MCCORMICK, SHEILA",Democrat,0,FL,20,0.8809959101614016
"CHESS, STEVEN",Republican,1,FL,23,0.8933144795034103
"CHILDRESS, EARL",Democrat,0,MO,1,0.46916078086953494
"CHRISTENSEN, FLINT LANDEN",Republican,1,ID,2,0.7295859521694188
"CHRISTIAN, ROBERT FRANKLIN MR. III",Democrat,0,GA,6,0.9001357966639694
"CHU, JUDY",Democrat,0,CA,28,0.8588472697274503
"CIARROCCHI, GUY",Republican,1,PA,6,0.6468988346863678
"CICILLINE, DAVID",Democrat,0,RI,1,0.8719741518139176
"CISNEROS, JESSICA",Democrat,0,TX,28,0.8769846270621575
"CLARK, DREW-MONTEZ DR.",Republican,1,FL,20,0.9163106253377229
"CLARK, KATHERINE",Democrat,0,MA,5,0.8424159597249069
"CLARKE, YVETTE D",Democrat,0,NY,9,0.8784439593666934
"CLEAVER, EMANUEL II",Democrat,0,MO,5,0.855714543191346
"CLICK, NATHAN",Democrat,0,NC,13,0.7016136310040295
"CLINE, BENJAMIN LEE",Republican,1,VA,6,0.9421327769789065
"CLOUD, MICHAEL",Republican,1,TX,27,0.9065484145274525
"CLYBURN, JAMES E.",Democrat,0,SC,6,0.858022280355152
"COHEN, STEVE I MR.",Democrat,0,TN,9,0.8497505743596708
"COHN, ALAN",Democrat,0,FL,15,0.8366024998639823
"COLEMAN, BONNIE WATSON",Democrat,0,NJ,12,0.8924264549477197
"COLLINS, CHRISTIAN",Republican,1,TX,8,0.9377784018490698
"COLLINS, KINA ISIS",Democrat,0,IL,7,0.9042245568256377
"COLLINS, MICHAEL A JR",Republican,1,GA,10,0.9215034958844186
"COMER, JAMES",Republican,1,KY,1,0.908606730285817
"CONNOLLY, GERALD EDWARD",Democrat,0,VA,11,0.8913794603774472
"CONOLE, FRANCIS",Democrat,0,NY,22,0.8686061412610248
"CONYERS, JOHN",Democrat,0,MI,13,0.18364713969544066
"COOPER, JAMES",Democrat,0,TN,5,0.8641646725285854
"COOPER, KELLY",Republican,1,AZ,4,0.9022928672564687
"COOPER, RANDAL DEAN",Democrat,0,TN,6,0.5304391421843881
"CORBETT, KEITH",Democrat,0,NY,4,0.8456795082774475
"CORREA, LOU",Democrat,0,CA,46,0.767781938608207
"COURSER, AMY RYAN",Republican,1,OR,6,0.7691106090079236
"COURTNEY, JOSEPH",Democrat,0,CT,2,0.7793082822742137
"CRAIG, ANGELA DAWN",Democrat,0,MN,2,0.8511286498055715
"CRANE, ELI",Republican,1,AZ,2,0.9504247857638444
"CRAWFORD, ERIC ALAN RICK",Republican,1,AR,1,0.9385532960172784
"CRENSHAW, DANIEL",Republican,1,TX,2,0.9260387629015374
"CROOM, GEORGE",Democrat,0,MD,2,0.043603772373009386
"CROW, JASON",Democrat,0,CO,6,0.8910545384453724
"CRUZ, ROBERT 'ROB'",Republican,1,IL,6,0.8868628719666241
"CUELLAR, HENRY R.",Democrat,0,TX,28,0.30786651927877373
"CULP, LOREN",Republican,1,WA,4,0.9752432552630812
"CURRY, DAVID",Republican,1,GA,10,0.9357408070854352
"CURTIS, JOHN",Republican,1,UT,3,0.15595458688028074
"DANIELS, SHAMAINE MS",Democrat,0,PA,10,0.7979572223802238
"DARLING, KATIE DARLING",Democrat,0,LA,1,0.8445812744727578
"DAVIDSON, WARREN",Republican,1,OH,8,0.8953798281058283
"DAVIS, CICELY",Republican,1,MN,5,0.910065290757279
"DAVIS, DANNY K. MR.",Democrat,0,IL,7,0.7845732182279719
"DAVIS, DON",Democrat,0,NC,1,0.8435359161575824
"DAVIS, RODNEY L",Republican,1,IL,15,0.914181499949841
"DAVIS, TASHI",Democrat,0,MD,7,0.6566271558384236
"DE BLASIO, BILL",Democrat,0,NY,10,0.7020337056310906
"DE LA CRUZ, MONICA",Republican,1,TX,15,0.9304068039090734
"DEAN, KATIE",Democrat,0,NC,11,0.8325859316275759
"DEAN, MADELEINE",Democrat,0,PA,4,0.8773618903696402
"DEERING, REGAN",Republican,1,IL,13,0.941663148425645
"DEFAZIO, PETER A",Democrat,0,OR,4,0.828985418808873
"DEGETTE, DIANA L",Democrat,0,CO,1,0.8494902361975465
"DEITCH, DOUGLAS",Democrat,0,CA,19,0.8199445367440064
"DELAURO, ROSA L",Democrat,0,CT,3,0.866450114577743
"DELGADO, ANTONIO",Democrat,0,NY,19,0.893116385717932
"DELLA PIA, MAX",Democrat,0,NY,23,0.5049090675666192
"DELUZIO, CHRISTOPHER",Democrat,0,PA,17,0.84556873989394
"DELUZIO, MARK",Republican,1,AZ,2,0.9096646607083141
"DENNIS, JOHN MR.",Republican,1,CA,11,0.9472083430733191
"DESAULNIER, MARK",Democrat,0,CA,10,0.8816499402041005
"DESJARLAIS, SCOTT HON.",Republican,1,TN,4,0.9328587468682676
"DESPOSITO, ANTHONY P",Republican,1,NY,4,0.8414110008408233
"DINGELL, DEBBIE",Democrat,0,MI,6,0.8518909628473643
"DODGE, DANELLE",Democrat,0,FL,8,0.6496210674479623
"DOGGETT, LLOYD",Democrat,0,TX,37,0.8506505017677668
"DONALDS, BYRON",Republican,1,FL,19,0.9360002057698227
"DORILAS, ROD MR.",Republican,1,FL,22,0.9362857512609195
"DORRIS, DALE WILLIAM MR. II",Democrat,0,IN,9,0.5589123058483103
"DUKE, BRADY",Republican,1,FL,7,0.9327617667055723
"DUNCAN, JEFFREY D MR.",Republican,1,SC,3,0.9188462019611099
"DUNN, NEAL PATRICK MD, FACS",Republican,1,FL,2,0.8574397160974601
"EARHART, ERIC JASON PASTOR",Republican,1,NC,3,0.945958973792189
"EDWARDS, CHUCK",Republican,1,NC,11,0.8676497245094075
"EDWARDS, DONNA F",Democrat,0,MD,4,0.8625010505499494
"EHASZ, ASHLEY",Democrat,0,PA,1,0.8942906604789448
"ELIZONDO, DARIAN J",Republican,1,CA,2,0.8896357435989455
"ELLER, RON",Republican,1,MS,2,0.8776930040805271
"ELLIS, JAMESON",Republican,1,TX,2,0.8327998504330243
"ELLISON, ALLEN",Democrat,0,FL,23,0.3609476770825435
"ELLMERS, RENEE JACISIN",Republican,1,NC,13,0.4601680719049286
"EMMER, THOMAS EARL JR.",Republican,1,MN,6,0.8514742224876843
"ESCOBAR, VERONICA",Democrat,0,TX,16,0.7987060035111948
"ESHOO, ANNA G",Democrat,0,CA,16,0.8670581828641925
"ESPAILLAT, ADRIANO",Democrat,0,NY,13,0.8467029039076049
"ESRATI, DAVID",Democrat,0,OH,10,0.40416873689579935
"ESTES, RON",Republican,1,KS,4,0.9191524033015019
"EVANS, DWIGHT",Democrat,0,PA,3,0.8633335708557923
"EZELL, WALTER MICHAEL",Republican,1,MS,4,0.895750302862165
"FALLON, PATRICK",Republican,1,TX,4,0.9075953763947793
"FEENSTRA, RANDALL",Republican,1,IA,4,0.9039907134722938
"FEHER, BRENT",Republican,1,KY,2,0.8966486151145763
"FIGLIOLA, ANTHONY M",Republican,1,NY,1,0.8749534293963548
"FINSTAD, BRAD",Republican,1,MN,1,0.8957735616309037
"FISCHBACH, MICHELLE",Republican,1,MN,7,0.941831722580867
"FITZGERALD, SCOTT",Republican,1,WI,5,0.9412739300570683
"FITZPATRICK, BRIAN",Republican,1,PA,1,0.11607485898279513
"FLEISCHMANN, CHARLES J",Republican,1,TN,3,0.9285207829320357
"FLEMING, BRIDGET",Democrat,0,NY,1,0.8844499085330622
"FLETCHER, ELIZABETH",Democrat,0,TX,7,0.8718453336191048
"FORE, JESSICA ALLISON",Democrat,0,GA,10,0.19081748347581862
"FORTE, TINA",Republican,1,NY,14,0.8734942536979153
"FOSTER, G. WILLIAM (BILL)",Democrat,0,IL,11,0.859508272856185
"FRANKEL, LOIS J.",Democrat,0,FL,22,0.8625232731450677
"FRANKLIN, SCOTT MR.",Republican,1,FL,18,0.9281421078042256
"FREMGEN, JAMES LUCAS",Democrat,0,CA,7,0.8267937054249505
"FROST, MAXWELL ALEJANDRO",Democrat,0,FL,10,0.8451291326181642
"FRY, RUSSELL",Republican,1,SC,7,0.8974129950971339
"FULCHER, RUSSELL",Republican,1,ID,1,0.8966472535060381
"FULFORD, ROBIN DAWN",Democrat,0,TX,2,0.5990540321702014
"FUNG, ALLAN",Republican,1,RI,2,0.8988668895438767
"FYFE, MATTHEW JOHN",Democrat,0,IN,9,0.8905283436285062
"GAETZ, MATT",Republican,1,FL,1,0.9009237351018899
"GALLAGHER, MICHAEL JOHN",Republican,1,WI,8,0.9294984358821083
"GARAMENDI, JOHN",Democrat,0,CA,8,0.7827809008815381
"GARBARINO, ANDREW",Republican,1,NY,2,0.9406149344608796
"GARCIA HOLMES, MICHELLE",Republican,1,NM,1,0.9444619472188631
"GARCIA, CASSANDRA",Republican,1,TX,28,0.9019792095428958
"GARCIA, ERIC",Democrat,0,CA,22,0.1827370283630384
"GARCIA, JESUS",Democrat,0,IL,4,0.8942390803046028
"GARCIA, ROBERT",Democrat,0,CA,42,0.7602253817179505
"GARCIA, SYLVIA R",Democrat,0,TX,29,0.8531835063310204
"GASHI, VEDAT",Democrat,0,NY,16,0.6867068333320276
"GAY, DERRIK",Democrat,0,TX,24,0.5719667994218952
"GEELS, COURTNEY JOELE",Republican,1,NC,4,0.8800018043554583
"GEIST, TIMOTHY DAVID",Republican,1,CA,1,0.8907069623211441
"GELLER, EDDIE",Democrat,0,FL,15,0.0328410594966867
"GIBBS, JOHN",Republican,1,MI,3,0.8859286363498793
"GIBSON, COREY",Republican,1,WA,4,0.905585726497169
"GIGLIO, DAVID ANTHONY",Republican,1,CA,13,0.8828901512460867
"GILBERT, MADISON GESIOTTO",Republican,1,OH,13,0.9418433710466738
"GILES, DAVID VICTOR",Republican,1,AZ,4,0.9068855953597996
"GIMENEZ, CARLOS",Republican,1,FL,28,0.9363426525981122
"GITAU, BENSON",Republican,1,TX,7,0.9091456335526531
"GLUESENKAMP PEREZ, MARIE",Democrat,0,WA,3,0.886803909776678
"GOHMERT, LOUIS",Republican,1,TX,1,0.942414293449942
"GOLDMAN, DANIEL",Democrat,0,NY,10,0.5310784988498114
"GOMEZ, JIMMY",Democrat,0,CA,34,0.8950263784582109
"GONSALVES, MARK",Republican,1,GA,7,0.9357476052840705
"GONZALES, CAESAR",Republican,1,GA,13,0.8041416093471916
"GONZALES, ERNEST ANTHONY TONY II",Republican,1,TX,23,0.8976622971911703
"GONZALEZ, VICENTE",Democrat,0,TX,34,0.7850561664792743
"GOOD, ROBERT G. HON.",Republican,1,VA,5,0.9432278099163904
"GOODEN, LANCE",Republican,1,TX,5,0.8977477784656656
"GORDON, JACQUELINE",Democrat,0,NY,2,0.8474351222164668
"GORMAN, JEFF",Republican,1,CA,19,0.9191261841358493
"GOSAR, PAUL DR.",Republican,1,AZ,9,0.9413122453866101
"GOTTHEIMER, JOSH",Democrat,0,NJ,5,0.8428084340443251
"GRANGER, KAY",Republican,1,TX,12,0.8886053126423323
"GRAVES, GARRET",Republican,1,LA,6,0.8967937497639653
"GRAVES, SAMUEL B. JR.",Republican,1,MO,6,0.9016129307466783
"GRAY, MOLLY",Democrat,0,VT,0,0.8934345736968647
"GRAYSON, ALAN MARK",Democrat,0,FL,10,0.07030116650263041
"GREEN, JENNIFER-RUTH",Republican,1,IN,1,0.8989613593194381
"GREEN, MARK DR.",Republican,1,TN,7,0.9328845441883886
"GRIFFITH, H MORGAN",Republican,1,VA,9,0.8942799455487318
"GRIJALVA, RAUL M",Democrat,0,AZ,7,0.8496545130689283
"GROTHMAN, GLENN S.",Republican,1,WI,6,0.9322033321239396
"GUEST, MICHAEL PATRICK",Republican,1,MS,3,0.9398757256245738
"GUSTAFSON, CLAIRE H.",Republican,1,NJ,1,0.8894194787593999
"GUTHRIE, S. BRETT HON.",Republican,1,KY,2,0.8652459075851362
"HAGEMAN, HARRIET",Republican,1,WY,0,0.9351591570734716
"HALE, MERRITT",Republican,1,VA,6,0.9470457973028961
"HAMDAN, BENINE",Republican,1,NY,10,0.8955071766731568
"HAMILTON, JANE HOPE",Democrat,0,TX,30,0.6246590535138252
"HANIFAN, TIMOTHY R.",Democrat,0,NV,2,0.8927788970588537
"HANSEL, GEORGE",Republican,1,NH,2,0.8825436613568804
"HANSON, MEAGAN MYERS",Republican,1,GA,6,0.8943427570339058
"HARBIN, BLAKE",Republican,1,GA,6,0.9423914629406664
"HARDEN, R. DAVID",Democrat,0,MD,1,0.03574220755686297
"HARMAN, MATTHEW S",Democrat,0,OH,7,0.8299185141289122
"HARMON, MARK DESMOND DR.",Democrat,0,TN,2,0.8484832710020778
"HARRIS, KEVIN COREY",Democrat,0,FL,24,0.24769877575393506
"HARRIS-TILL, JOSHUA",Democrat,0,OK,5,0.7887083981864641
"HARSHAW, RONALD",Democrat,0,MO,1,0.39172651754469645
"HARSHBARGER, DIANA",Republican,1,TN,1,0.9141150775890672
"HARTZLER, VICKY",Republican,1,MO,4,0.9095208626971554
"HATHAWAY, QUINTESSA DR.",Democrat,0,AR,2,0.8346911073683516
"HAWKINS, BRIAN",Republican,1,CA,25,0.5907696959141324
"HAYES, JAHANA",Democrat,0,CT,5,0.890662368510142
"HAYSLETT, KEVIN",Republican,1,FL,13,0.9207756298527703
"HEALEY, ROBERT JR",Republican,1,NJ,3,0.9099205656983989
"HENG, ELIZABETH",Republican,1,CA,22,0.7056781896224307
"HENLEY, JOHN ALLEN",Republican,1,VA,10,0.9182905538198087
"HERN, KEVIN",Republican,1,OK,1,0.9278484708771106
"HERNANDEZ, DANIEL",Democrat,0,AZ,6,0.8882335403547673
"HERRERA BEUTLER, JAIME",Republican,1,WA,3,0.11115442346565119
"HESS, ROBERTO LUIS MR.",Democrat,0,NC,11,0.8595224670194227
"HIGGINS, BRIAN",Democrat,0,NY,26,0.8494852357834359
"HIGGINS, CLAY CAPTAIN",Republican,1,LA,3,0.9094172484971743
"HILL, JAMES FRENCH",Republican,1,AR,2,0.9436522369308817
"HILL, TARTISHA A MRS.",Democrat,0,TX,5,0.8312939737332633
"HIMES, JIM",Democrat,0,CT,4,0.4506190562331588
"HOGGATT, ""HOLDEN""",Republican,1,LA,3,0.3095964066576882
"HOLLIER, ADAM",Democrat,0,MI,13,0.907734026784031
"HOLLOWAY, LASHONDA J",Democrat,0,FL,4,0.8334143804993734
"HOLMAN LEAK, BARRETT",Democrat,0,CA,51,0.7615498398125887
"HOLNESS, DALE V.C. MR.",Democrat,0,FL,20,0.6890925506515249
"HOLTZMAN, ELIZABETH",Democrat,0,NY,10,0.848615787182585
"HOOPER, JAMES D",Republican,1,MI,12,0.4848209183587522
"HOULAHAN, CHRISSY",Democrat,0,PA,6,0.8482073621030253
"HOULAHAN, STEPHEN WILLIAM",Democrat,0,CA,48,0.8938156278120355
"HOWARD, TAFFY",Republican,1,SD,0,0.909751190326556
"HOYLE, VALERIE",Democrat,0,OR,4,0.8473840362167918
"HUDSON, RICHARD L. JR.",Republican,1,NC,9,0.8968776747303284
"HUFF BROWN, GAIL",Republican,1,NH,1,0.9188968032432583
"HUFF, JIM",Republican,1,FL,19,0.5783825952006105
"HUFFMAN, JARED",Democrat,0,CA,2,0.8683096055381178
"HUFFMAN, SCOTT",Democrat,0,NC,8,0.6898590438708778
"HULLIHAN, JONATHAN KEITH",Republican,1,TX,8,0.918147265051543
"HUNSAKER, JAKE",Republican,1,UT,4,0.6189182726232438
"HUNT, TREY JOSEPH",Democrat,0,TX,12,0.8323951904562217
"HUNT, WESLEY",Republican,1,TX,38,0.9196002059662398
"HYNES, RANDELL SCOTT",Democrat,0,NV,3,0.21296035046495798
"IMAM, DONNA",Democrat,0,TX,37,0.5365404114187938
"IRWIN, STEVEN",Democrat,0,PA,12,0.7695525669376249
"ISEMANN, JOHN HENRY",Republican,1,NJ,7,0.6092874663192291
"IYER, STEVE",Republican,1,CA,14,0.8974845667121469
"JACKSON, JEFF",Democrat,0,NC,14,0.8480303823264967
"JACKSON, JONATHAN",Democrat,0,IL,1,0.8516896364995653
"JACKSON, NATALIE",Democrat,0,FL,10,0.7898609225320351
"JACKSON, RONNY LYNN",Republican,1,TX,13,0.9172315466371681
"JACOBS, CHRISTOPHER L.",Republican,1,NY,23,0.9210218737947315
"JACOBS, MATTHEW",Republican,1,CA,26,0.5418594978707247
"JACOBS, SARA",Democrat,0,CA,51,0.8589162561857898
"JAMES, JOHN",Republican,1,MI,10,0.939950921286093
"JAYAPAL, PRAMILA",Democrat,0,WA,7,0.8537786149178024
"JEFFERSON, JRMAR",Democrat,0,TX,1,0.1040074721577251
"JENKINS, JONATHAN JENKINS",Republican,1,MD,6,0.16443363280023604
"JENSEN, JESSE",Republican,1,WA,8,0.9476234979870728
"JETTE, MATTHEW DR.",Republican,1,MT,1,0.8960322868273811
"JOHNSON, BILL",Republican,1,OH,6,0.9118787651633853
"JOHNSON, DUSTY",Republican,1,SD,0,0.46562141864476114
"JOHNSON, HENRY C. 'HANK'",Democrat,0,GA,4,0.8945019520592198
"JOHNSON, JAMES MICHAEL",Republican,1,LA,4,0.9226307575940216
"JOHNSON, LEIF D",Republican,1,WA,2,0.8882376391782723
"JONES, HERBERT CARROLL JR",Democrat,0,VA,1,0.7086130318581805
"JONES, KERMIT",Democrat,0,CA,3,0.8675437072084875
"JONES, LAURA",Democrat,0,TX,8,0.7242929442667774
"JONES, MONDAIRE",Democrat,0,NY,10,0.8628492475001931
"JORDAN, JAMES D.",Republican,1,OH,4,0.8975274577623162
"JOY, ELIZABETH L",Republican,1,NY,20,0.6281730433119104
"JOYCE, DAVID P.",Republican,1,OH,14,0.6274044087066921
"JOYCE, JOHN",Republican,1,PA,13,0.8991025803482957
"JUDGE, JAMES",Republican,1,FL,14,0.8966122707772239
"KALLOCH, ANDREW",Democrat,0,OR,4,0.8442530879257236
"KAPTUR, MARCY HON. M.C.",Democrat,0,OH,9,0.5553064687669642
"KASPAR, SCOTT RICHARD",Republican,1,IL,6,0.8969389337356315
"KATKO, JOHN M",Republican,1,NY,24,0.8924262846291788
"KEAN, THOMAS H. JR.",Republican,1,NJ,7,0.8875535378165802
"KEATING, WILLIAM R",Democrat,0,MA,9,0.8738414148468168
"KELLY, GEORGE J JR",Republican,1,PA,16,0.9127658077388696
"KELLY, ROBIN",Democrat,0,IL,2,0.8944257202605794
"KELTIE, REBECCA",Republican,1,CO,5,0.8841352471445376
"KIGGANS, JENNIFER",Republican,1,VA,2,0.8844241192987543
"KILEY, KEVIN",Republican,1,CA,3,0.8928069850723077
"KIM, ANDY",Democrat,0,NJ,3,0.8464322604932734
"KIM, YOUNG",Republican,1,CA,40,0.9026606751746133
"KIND, RONALD JAMES",Democrat,0,WI,3,0.8694598971989321
"KING, ESTHER JOY",Republican,1,IL,17,0.9027289768775506
"KING, PAUL",Republican,1,NY,5,0.42178716349305345
"KLEE HOOD, SARAH",Democrat,0,NY,22,0.8232919914497727
"KOCEN, STEPHEN MARTIN",Democrat,0,TX,1,0.3754176061681749
"KOOLIDGE, MICHAEL",Republican,1,IL,14,0.8975116135609176
"KOVACS, JOHN",Republican,1,NV,3,0.8964871604111304
"KREISELMAIER, ELIZABETH",Republican,1,WA,6,0.9322186097107277
"KRESS, CONRAD",Republican,1,HI,1,0.8162528139200644
"KULMANN, JANIFER SUZANNE",Republican,1,CO,8,0.9209267216710197
"KUMAR, RISHI",Democrat,0,CA,16,0.01553425529703234
"KURANI, SHRINA",Democrat,0,CA,41,0.7892816693924537
"KUSTER, ANN MCLANE",Democrat,0,NH,2,0.8590226992254117
"KUSTOFF, DAVID",Republican,1,TN,8,0.9326561786959213
"LAFAZAN, JOSHUA",Democrat,0,NY,3,0.8508748131026767
"LAMALFA, DOUG",Republican,1,CA,1,0.9118626266683514
"LAMBORN, DOUGLAS",Republican,1,CO,5,0.9411860454559922
"LANDSMAN, GREG",Democrat,0,OH,1,0.7919446139560287
"LANGELLA, LEWIS MILAM",Republican,1,TX,2,0.7646092616972746
"LARSEN, RICK",Democrat,0,WA,2,0.8703308379606307
"LARSON, JOHN B",Democrat,0,CT,1,0.8808486702761674
"LATURNER, JAKE",Republican,1,KS,2,0.9116355789610009
"LAUF, CATALINA",Republican,1,IL,11,0.9418044690940695
"LAWLER, MICHAEL VINCENT",Republican,1,NY,17,0.9240884100864137
"LAWSON, ALFRED JR",Democrat,0,FL,2,0.8484787475191522
"LAWSON, JEANINE M.",Republican,1,VA,10,0.6516584169085837
"LAZOR, LAWRENCE ZIDOVSKY DR",Republican,1,CT,1,0.07772870479130267
"LEAVITT, KAROLINE",Republican,1,NH,1,0.8937968267679268
"LEBRUN, TIA MARIE MRS.",Democrat,0,LA,3,0.8366301117335437
"LEE, BARBARA",Democrat,0,CA,12,0.9143697052263086
"LEE, DANIEL",Democrat,0,CA,37,0.6407976675308633
"LEE, LAUREL MRS.",Republican,1,FL,15,0.5428187036210406
"LEE, SHEILA JACKSON",Democrat,0,TX,18,0.8687203451861122
"LEE, SUMMER",Democrat,0,PA,12,0.8416579206397611
"LEE, SUSIE",Democrat,0,NV,3,0.8943228651676043
"LEFFLER, GARY D",Republican,1,IA,3,0.9421488197981722
"LEHMAN, MATTHEW",Democrat,0,KY,4,0.34974883692565184
"LESKO, DEBBIE",Republican,1,AZ,8,0.9108432849560013
"LETLOW, JULIA",Republican,1,LA,5,0.5129457883682493
"LEVIN, ANDY",Democrat,0,MI,11,0.9355127178134011
"LEVIN, MIKE",Democrat,0,CA,49,0.8982190792225306
"LEVY, DANIEL ALGIERS LUCAS",Republican,1,ID,2,0.6630814348246963
"LIEU, TED",Democrat,0,CA,36,0.8278268601531533
"LIRA, JOHN",Democrat,0,TX,23,0.09464355667531876
"LOFGREN, ZOE",Democrat,0,CA,18,0.8719558558868368
"LOGAN, GEORGE S",Republican,1,CT,5,0.8664917482315306
"LOGEMANN, JONATHAN",Democrat,0,IL,17,0.8371126474770367
"LOPEZ, ROLAND",Republican,1,TX,38,0.9407452868838189
"LOR XIONG, MAY",Republican,1,MN,4,0.8945747357459242
"LOUDERMILK, BARRY",Republican,1,GA,11,0.9032468637938225
"LOWENTHAL, ALAN",Democrat,0,CA,47,0.8772612655635953
"LUCAS, FRANK D.",Republican,1,OK,3,0.9058054513651095
"LUETKEMEYER, W BLAINE",Republican,1,MO,3,0.9300645549409561
"LURIA, ELAINE",Democrat,0,VA,2,0.8694164231931258
"LUTTRELL, MORGAN JOE",Republican,1,TX,8,0.9191803502799458
"LYNN, ERIC",Democrat,0,FL,13,0.7376794181353059
"MACAULEY, JAMES",Republican,1,CA,20,0.8953628678346539
"MACE, NANCY",Republican,1,SC,1,0.8645497787116367
"MACIE, MARA HEATHER",Republican,1,FL,5,0.49587575878897083
"MADISON, JONATHAN",Republican,1,CA,9,0.558861919030436
"MAGAZINER, SETH",Democrat,0,RI,2,0.8941269754534169
"MAKKI, AMANDA",Republican,1,FL,13,0.9454978108449572
"MALINOWSKI, TOM",Democrat,0,NJ,7,0.1567721820315071
"MALLIOTAKIS, NICOLE",Republican,1,NY,11,0.9022465921859151
"MALONEY, CAROLYN B.",Democrat,0,NY,12,0.8869873539209494
"MALONEY, SEAN PATRICK",Democrat,0,NY,17,0.8864243455881389
"MAMMADOV, RAMIN",Democrat,0,NC,14,0.8495551512882795
"MANN, TRACEY ROBERT",Republican,1,KS,1,0.935057741475328
"MANNING, KATHY",Democrat,0,NC,6,0.8848818323225253
"MAPP, CHRIS",Republican,1,TX,27,0.9085496622317399
"MARSHALL, DEREK",Democrat,0,CA,23,0.9157784841140638
"MARTIN, ADAM",Democrat,0,OK,1,0.846131327825113
"MARTIN, JACK",Republican,1,FL,12,0.7807975976350585
"MARTINEZ JOHNSON, ALEXIS",Republican,1,NM,3,0.8902692964989731
"MASON, JESSICA",Democrat,0,TX,30,0.9155886826319821
"MAST, BRIAN",Republican,1,FL,21,0.9246858793213344
"MATHEWS, PETER",Democrat,0,CA,42,0.03873185818386138
"MATLAND, JOHN",Republican,1,NY,11,0.17622810242372933
"MATSUI, DORIS",Democrat,0,CA,7,0.8686954844611304
"MATTHEWS, AMEENA",Democrat,0,IL,1,0.8713418128094268
"MAURO, REGINA",Republican,1,PA,6,0.9325498987928953
"MAYFIELD, DARIUS",Republican,1,NJ,12,0.8900103026036734
"MAYHUGH, JEFFREY MICHAEL",Republican,1,VA,10,0.315178457885527
"MCBATH, LUCIA KAY MS.",Democrat,0,GA,7,0.8549415916952487
"MCCAFFREY, FRANCIS TIMOTHY MR.",Republican,1,TX,34,0.8966578373969516
"MCCALLIAN, RANDI MCCALLIAN",Democrat,0,MO,8,0.8932599989754422
"MCCLAIN, LISA",Republican,1,MI,10,0.9422807518621135
"MCCLINTOCK, THOMAS",Republican,1,CA,5,0.9167339628262481
"MCCORKLE, ISAAC IAN",Democrat,0,CO,4,0.12481337354767086
"MCCORMICK, RICHARD DEAN DR.",Republican,1,GA,6,0.940030659679649
"MCDOWELL, JAN",Democrat,0,TX,24,0.7687425396851659
"MCGARVEY, MORGAN",Democrat,0,KY,3,0.7635281204662117
"MCGOVERN, JAMES P",Democrat,0,MA,2,0.8308671849729679
"MCHENRY, PATRICK TIMOTHY",Republican,1,NC,10,0.9339792022186946
"MCKINLEY, DAVID B. MR.",Republican,1,WV,2,0.9201321262568971
"MCLEOD-SKINNER, JAMIE",Democrat,0,OR,5,0.8773040418388667
"MCMORRIS RODGERS, CATHY",Republican,1,WA,5,0.850728448622813
"MCNERNEY, JERRY",Democrat,0,CA,9,0.8529254743620293
"MEADOWS, SAMANTHA",Democrat,0,OH,2,0.8458085802422565
"MEEKS, GREGORY W.",Democrat,0,NY,5,0.8492933413666534
"MEHTA, RIK",Republican,1,NJ,6,0.5446926236961203
"MEIJER, PETER MR.",Republican,1,MI,3,0.8251830006479814
"MELOY, SEAN",Democrat,0,PA,17,0.8929756227878773
"MELTON, RYAN MICHAEL APPLETON",Democrat,0,IA,4,0.8817622441033477
"MENENDEZ, ROBERT J.",Democrat,0,NJ,8,0.8481728269179529
"METZENDORF, ADAM",Democrat,0,AZ,1,0.6602059378254981
"MEUSER, DANIEL",Republican,1,PA,9,0.9344530462937051
"MFUME, KWEISI",Democrat,0,MD,7,0.8623155798715572
"MICHON, BRANDON",Republican,1,VA,10,0.5230248856845787
"MIKHAIL, FADDE",Republican,1,CA,26,0.9035368954092
"MILLER, CAROL DEVINE",Republican,1,WV,1,0.8947542899837355
"MILLER, MARY",Republican,1,IL,15,0.9322096207084729
"MILLER, MAX",Republican,1,OH,7,0.9380456915454034
"MILLER-MEEKS, MARIANNETTE JANE",Republican,1,IA,1,0.6743675601992565
"MIZEUR, HEATHER RENAY",Democrat,0,MD,1,0.8440839338757523
"MOLINARO, MARCUS J.",Republican,1,NY,19,0.00682072494597219
"MONAHAN, STEVEN EDWARD",Republican,1,CO,6,0.6339750980613184
"MONTALVO, ANGEL",Democrat,0,FL,27,0.8930585182071856
"MONTIEL, CARMEN",Republican,1,TX,18,0.8922468825835339
"MONTOYA, SAMUEL",Republican,1,TX,35,0.9133707054654201
"MOORE, BLAKE",Republican,1,UT,1,0.3408124179135916
"MOORE, FELIX BARRY",Republican,1,AL,2,0.9298542583991636
"MOORE, GWEN S",Democrat,0,WI,4,0.876240314776874
"MOORE, SCOTTY",Republican,1,FL,9,0.8966618665631061
"MORAN, NATHANIEL QUENTIN",Republican,1,TX,1,0.5056105201501162
"MORELLE, JOSEPH D",Democrat,0,NY,25,0.8608648971518491
"MORGAN, ADAM",Republican,1,AZ,9,0.78224575503763
"MORGENTHAU, SARAH",Democrat,0,RI,2,0.8555886609802792
"MOSKOWITZ, JARED",Democrat,0,FL,23,0.6562180599188346
"MOULTON, SETH",Democrat,0,MA,6,0.8818211668766377
"MOWERS, MATT",Republican,1,NH,1,0.9499159105801218
"MRVAN, FRANK J.",Democrat,0,IN,1,0.788579690746909
"MUGULUSI, MOSES R.",Democrat,0,NY,18,0.006975503668616767
"MULLENIX, DOUGLAS",Republican,1,WI,6,0.4883020277541765
"MUNNS, SHANTE",Democrat,0,FL,11,0.6489571961504569
"MUNSON, JEREMY",Republican,1,MN,1,0.42809993790509004
"MURPHY, BRAD ALLEN",Republican,1,NC,1,0.8864309999348576
"MURPHY, LEE",Republican,1,DE,0,0.895712465237587
"MYLES, JAMES",Republican,1,VA,11,0.896220501545038
"NADLER, JERROLD L.",Democrat,0,NY,12,0.8713467389092593
"NAMDAR, BRAD",Republican,1,TX,32,0.8158964957153367
"NAMKUNG, TERRY TOLBERT MR.",Republican,1,VA,3,0.8947722232419517
"NAPOLITANO, GRACE",Democrat,0,CA,31,0.8872162869413993
"NAVARRO, JESUS",Republican,1,FL,24,0.9361077381095975
"NAVARRO, OMAR",Republican,1,CA,43,0.9207129683431452
"NEAL, RICHARD E",Democrat,0,MA,1,0.8736973737619464
"NEGUSE, JOSEPH",Democrat,0,CO,2,0.848677355920739
"NEIGHBORS, RICKY",Democrat,0,AL,4,0.7087599919377393
"NEUMANN, CORA",Democrat,0,MT,1,0.8709280025562146
"NEUMANN, MARK ALLEN",Democrat,0,WI,3,0.8484490013306788
"NEVAREZ, WENDY MARIE-LIMBAUGH",Republican,1,NC,11,0.1854221319989251
"NEWHOUSE, DAN",Republican,1,WA,4,0.8819035333686565
"NEWMAN, MARIE",Democrat,0,IL,6,0.8708835785016997
"NICKEL, WILEY",Democrat,0,NC,13,0.8896649739551066
"NOBLE, RON",Republican,1,OR,6,0.4561174175503564
"NORCROSS, DONALD W",Democrat,0,NJ,1,0.8716051621543631
"NORINGTON-REAVES, KARIN M",Democrat,0,IL,1,0.8235134428515121
"NORMOYLE, ANGELA H.",Democrat,0,IL,17,0.7562953749918251
"NORTON, ELEANOR HOLMES",Democrat,0,DC,0,0.3853813091298368
"NORTON, ELIJAH",Republican,1,AZ,1,0.9551122066418936
"NORTON, THOMAS JOHN",Republican,1,MI,2,0.928648145257521
"NTI ASARE, ISAK",Democrat,0,IN,9,0.37452630171951695
"O CONNELL, BRUCE",Republican,1,NC,11,0.8873968915635364
"O'DONNELL, SHERRY ANNE DR",Republican,1,MI,5,0.8960400688263632
"O'HALLERAN, TOM",Democrat,0,AZ,2,0.8425152120023487
"OCAMPO GRAJALES, DAVID",Democrat,0,NJ,8,0.7663300813997886
"OCASIO-CORTEZ, ALEXANDRIA",Democrat,0,NY,14,0.8880037282301565
"ODULATE, ANDALIB MIMOKUNMI THOMAS",Democrat,0,MD,8,0.23808734742473237
"OGLES, ANDY",Republican,1,TN,5,0.8605670988894425
"OMERE, IROGHAMA C",Democrat,0,TX,4,0.8695490085345537
"ONEIL, JOSIAH",Republican,1,CA,49,0.8880914243918436
"ORTEGA, MICHAEL",Democrat,0,CA,46,0.706766523969008
"OWENS, BURGESS",Republican,1,UT,4,0.8955426265801862
"PALIN, SARAH",Republican,1,AK,0,0.9157097276352848
"PALLOTTA, FRANK",Republican,1,NJ,5,0.8027885082653639
"PALMER, DAVID",Democrat,0,IL,13,0.87951684007202
"PALMER, GARY",Republican,1,AL,6,0.9421876758384078
"PANETTA, JIMMY",Democrat,0,CA,19,0.8429673053262753
"PANSING BROOKS, PATTY",Democrat,0,NE,1,0.8871238305707918
"PAPASTRAT, GEORGE",Republican,1,NC,3,0.6886609779084221
"PAPPAS, CHRIS",Democrat,0,NH,1,0.6152853822129669
"PARROTT, NEIL CONRAD",Republican,1,MD,6,0.958703454222777
"PASTORE, DANIEL",Democrat,0,PA,16,0.8873042133130412
"PATEL, SURAJ",Democrat,0,NY,12,0.6406208624199825
"PAULINA LUNA, ANNA",Republican,1,FL,13,0.884311268867978
"PAYNE, DONALD M MR. JR",Democrat,0,NJ,10,0.8484031989800325
"PEKAU, KEITH",Republican,1,IL,6,0.6047334807600933
"PELOSI, NANCY",Democrat,0,CA,11,0.8479038945451542
"PELTOLA, MARY",Democrat,0,AK,0,0.8628877584067561
"PENCE, GREGORY J.",Republican,1,IN,6,0.8953430490396435
"PERLMUTTER, EDWIN G",Democrat,0,CO,7,0.8448770644298046
"PERRAS, BRIAN",Republican,1,FL,12,0.8012137994323074
"PERRY, SCOTT",Republican,1,PA,10,0.8971233640409526
"PETERS, JAMES ANDREW MR. JR",Democrat,0,CA,14,0.6653651856426992
"PETERS, SAMUEL JAMES MR",Republican,1,NV,4,0.6950931922993588
"PETERS, SCOTT",Democrat,0,CA,50,0.8514397399715945
"PETTERSEN, BRITTANY LOUISE",Democrat,0,CO,7,0.6122416320989069
"PFAFF, BRAD",Democrat,0,WI,3,0.841897473438522
"PHAN WEST, AMY",Republican,1,CA,47,0.9353372613265127
"PICHARDO, LAURA",Republican,1,NC,6,0.7997865354652789
"PINGREE, CHELLIE M",Democrat,0,ME,1,0.8747360650998436
"PIPER-LOOMIS, LYNZ",Republican,1,SC,1,0.9050275453425831
"POLIQUIN, BRUCE",Republican,1,ME,2,0.9224406237575555
"POLO, FRANK",Republican,1,FL,27,0.9424745432496946
"POSEY, BILL",Republican,1,FL,8,0.8963422251605331
"POTELL, JASON RANDOLPH",Democrat,0,CA,32,0.847674749880958
"PREMPEH, WILLIAM SREBOE",Republican,1,NJ,9,0.9419533219282838
"PRESSLEY, AYANNA",Democrat,0,MA,7,0.8719470260510855
"PRINE, ADAM",Democrat,0,OR,2,0.5535548435148825
"PURHAM, RANDY",Republican,1,AK,0,0.30689197952157365
"PUTORTI, MATTHEW",Democrat,0,NY,21,0.772181230775957
"QUALTERI, JENNIFER",Republican,1,CO,1,0.4795980761102405
"QUARTEY, JOHN QUAYE II",Democrat,0,CA,27,0.807710770148484
"QUIGLEY, MIKE",Democrat,0,IL,5,0.8813001515575797
"QUINN, CHRISTINE YVONNE",Republican,1,FL,13,0.9185675815194887
"RADAKER-SHEAFER, KRISTEN",Democrat,0,MO,7,0.5853072331925784
"RADER, TRISTAN",Democrat,0,OH,7,0.768458328617609
"RADING, AJWANG",Democrat,0,CA,16,0.5778110065183371
"RAKEBRANDT, MICHAEL",Republican,1,NY,2,0.7684757859510429
"RASKIN, JAMIE",Democrat,0,MD,8,0.8538177155184763
"REED, RAYMOND",Democrat,0,MO,2,0.8376272069423434
"REEVES, BRYCE",Republican,1,VA,7,0.6851068590413607
"REHMAN, LAIQUE",Republican,1,TX,7,0.9172442141672255
"REICHERT, TIM",Republican,1,CO,7,0.8733862260096199
"RESCHENTHALER, GUY MR.",Republican,1,PA,14,0.897636223668369
"REYNOLDS, CONRAD E",Republican,1,AR,2,0.44234433754203395
"RHODES, AARIKA SAMONE",Democrat,0,CA,32,0.8166738467922983
"RICHARDS, AUDREY",Republican,1,MO,7,0.04626108153872277
"RIDDLE, SAMUEL LEWIS JR",Democrat,0,MI,13,0.17519597229372585
"RIVERA, CARLINA",Democrat,0,NY,10,0.8944124236031884
"RIZZO, PHIL",Republican,1,NJ,7,0.8317856140931301
"ROBERTSON, MARK",Republican,1,NV,1,0.896043234376398
"ROBINSON, BRIAN JEFFREY",Democrat,0,NY,10,0.7799227325561531
"RODGERS, JAMES BYRON MR.",Republican,1,TX,30,0.3852462012298208
"RODRIGUEZ, EDUARDO R.",Democrat,0,TX,35,0.849190455839851
"ROGERS, MICHAEL",Republican,1,AL,3,0.9122887712434729
"ROLLINS, WILL",Democrat,0,CA,41,0.7826571929210976
"RONNING, PENNY",Democrat,0,MT,2,0.8883012781275571
"ROSE, JOHN W.",Republican,1,TN,6,0.9453474751598456
"ROSE, MAX",Democrat,0,NY,11,0.7149073436530782
"ROSENDALE, MATT MR.",Republican,1,MT,2,0.9238656161717693
"ROSS, DAVID LEWIS",Republican,1,VA,7,0.8976913475839772
"ROUZER, DAVID",Republican,1,NC,7,0.9197563723233011
"ROY, CHIP",Republican,1,TX,21,0.9388043562341275
"ROYBAL-ALLARD, LUCILLE",Democrat,0,CA,40,0.8403181126022699
"RUIZ, RAUL DR.",Democrat,0,CA,25,0.8523427282184235
"RUPPERSBERGER, C. A. DUTCH",Democrat,0,MD,2,0.8634252850298736
"RUSH, BOBBY LEE",Democrat,0,IL,1,0.875735031774448
"RUSH, CAROLYN",Democrat,0,NJ,2,0.8670425776515508
"RUTHERFORD, JOHN",Republican,1,FL,5,0.89867599539322085
"RYAN, PATRICK",Democrat,0,NY,18,0.8655803466843797
"SAINE, LORI A",Republican,1,CO,8,0.9084089012493344
"SALAS, RUDY",Democrat,0,CA,22,0.544861026512186
"SALAZAR, MARIA ELVIRA",Republican,1,FL,27,0.7708971687658761
"SALINAS, ANDREA",Democrat,0,OR,6,0.8574895816176016
"SANCHEZ, LINDA",Democrat,0,CA,38,0.8597561876082602
"SANDVIG, NATE",Republican,1,OR,6,0.941044406884568
"SANFORD, PAUL",Republican,1,AL,5,0.5914868187990527
"SARBANES, JOHN P. MR.",Democrat,0,MD,3,0.8496488237832414
"SCALISE, STEVE MR",Republican,1,LA,1,0.9292278187466878
"SCANLON, MARY GAY",Democrat,0,PA,5,0.9067587255648998
"SCHAKOWSKY, JANICE D",Democrat,0,IL,9,0.869728670275211
"SCHELLER, LISA",Republican,1,PA,7,0.883877338225268
"SCHIFF, ADAM",Democrat,0,CA,30,0.8743827035100479
"SCHILLER, MARGARET ANN MS",Democrat,0,FL,1,0.8677091902657251
"SCHMELING, WENDY JUNE MS.",Republican,1,FL,18,0.8813955676965619
"SCHMIDT, PATRICK",Democrat,0,KS,2,0.7472059179770856
"SCHMITT, COLIN J",Republican,1,NY,18,0.9254881184442105
"SCHNEIDER, BRADLEY S.",Democrat,0,IL,10,0.8961975620979079
"SCHOLTEN, HILLARY",Democrat,0,MI,3,0.8492192169073445
"SCHRADER, KURT",Democrat,0,OR,5,0.8887801780742077
"SCHRIER, KIM DR.",Democrat,0,WA,8,0.7934351886406097
"SCHWEIKERT, DAVID S.",Republican,1,AZ,1,0.9320583772215141
"SCOTT, ATTICA WOODSON",Democrat,0,KY,3,0.926831991451623
"SCOTT, DAVID ALBERT",Democrat,0,GA,13,0.815394665543588
"SCOTT, JAMES AUSTIN",Republican,1,GA,8,0.9600745542860223
"SEARCY, SAM",Democrat,0,NC,13,0.5679800809996225
"SEMPOLINSKI, JOSEPH",Republican,1,NY,23,0.839850109521411
"SERRANO, GERARDO",Republican,1,KY,5,0.8597082285337583
"SESSIONS, PETE",Republican,1,TX,17,0.9328427665852015
"SEVERINO, JOSEPH",Republican,1,IL,10,0.31466946397382567
"SEWELL, TERRI A.",Democrat,0,AL,7,0.8697221793431485
"SHAFFER, JEREMY",Republican,1,PA,17,0.2733403606100855
"SHARIEF, BARBARA",Democrat,0,FL,20,0.7582003717937511
"SHARON, JENNIFER",Republican,1,TX,37,0.6442726044808345
"SHERMAN, BRAD",Democrat,0,CA,32,0.8345996087601617
"SHETH, ASHMI",Democrat,0,NY,12,0.9219784440991421
"SHOLTY, MORGUN",Republican,1,NV,1,0.8889742678583139
"SIMON, JO ANNE",Democrat,0,NY,10,0.8948612469427999
"SIMPSON, MICHAEL",Republican,1,ID,2,0.8522330495051074
"SINGLETARY, LA'RON DESMOND",Republican,1,NY,25,0.43074689326976956
"SKARLATOS, ALEK",Republican,1,OR,4,0.9258713668947751
"SLOTTA, CHAD",Republican,1,NC,13,0.8213788759081289
"SMITH, ADRIAN",Republican,1,NE,3,0.8958680706092335
"SMITH, CHRISTY",Democrat,0,CA,27,0.8944468816128075
"SMITH, D. ADAM",Democrat,0,WA,9,0.87808165982537
"SMITH, ERICA DANETTE",Democrat,0,NC,1,0.8368454968739953
"SMITH, JASON T",Republican,1,MO,8,0.9094437687784422
"SMITH, SANDY",Republican,1,NC,1,0.903224781037314
"SMUCKER, LLOYD K.",Republican,1,PA,11,0.9425592974958263
"SOLAGES, CARRIÃ‰",Democrat,0,NY,4,0.7916225923530599
"SORENSEN, BEN",Democrat,0,FL,23,0.7535951209394571
"SORENSEN, ERIC",Democrat,0,IL,17,0.5747592246411
"SOTO, DARREN",Democrat,0,FL,9,0.8206948015497972
"SPANBERGER, ABIGAIL",Democrat,0,VA,7,0.780849930088582
"SPEIER, JACKIE",Democrat,0,CA,14,0.8420681491958424
"SPICER, LAVERN",Republican,1,FL,24,0.896597963906397
"SRIVASTAVA, SANDEEP KUMAR KUMAR",Democrat,0,TX,3,0.8784417813192463
"ST. JOHN, HEIDI",Republican,1,WA,3,0.8971771768685977
"STANSBURY, MELANIE",Democrat,0,NM,1,0.8494425645805719
"STANTON, GREG",Democrat,0,AZ,4,0.8927392510922938
"STAPLETON, BAXTER",Democrat,0,OH,10,0.8188217314843161
"STAUBER, PETER ALLEN",Republican,1,MN,8,0.952316906127366
"STEFANIK, ELISE M.",Republican,1,NY,21,0.8973280480680503
"STEIL, BRYAN GEORGE",Republican,1,WI,1,0.9349308412187136
"STEINER, MAX",Democrat,0,CA,1,0.4180294742812417
"STEVENS, HALEY",Democrat,0,MI,11,0.8877403180145287
"STEWART, CHRIS",Republican,1,UT,2,0.9256006977406845
"STIVERS, STEVE MR.",Republican,1,OH,15,0.2670911125533031
"STRICKLAND, MARILYN",Democrat,0,WA,10,0.8940637528923199
"STURM, SCOTT WILLIAM",Democrat,0,TX,21,0.3808811879862146
"SULLIVAN, DAN",Republican,1,MA,9,0.8945883699282458
"SUOZZI, THOMAS",Democrat,0,NY,3,0.7386866423458444
"SWALWELL, ERIC MICHAEL",Democrat,0,CA,14,0.2512986522583338
"SWAN, MITCHELL",Republican,1,GA,10,0.954494079379028
"SWARTZ, JOSEPH",Democrat,0,NC,3,0.10777443578088797
"SYNSTELIEN, SETH",Republican,1,GA,14,0.1432623070451018
"TADDEO, ANNETTE",Democrat,0,FL,27,0.8377462637679834
"TANAKA, GREG",Democrat,0,CA,16,0.23110783745554175
"TARKANIAN, DANNY",Republican,1,NV,2,0.9428425507713505
"TERRY, JOANNE R",Democrat,0,FL,8,0.7168776329543275
"THOMAS, DANIEL M.",Republican,1,TX,4,0.8970511294235646
"THOMPSON, GLENN MR.",Republican,1,PA,15,0.7886346896379965
"THOMPSON, MICHAEL ANTHONY",Democrat,0,IL,1,0.8417372888770335
"THOMPSON, MIKE MR.",Democrat,0,CA,4,0.8715376354090859
"THORNE, GREGORY JONATHAN",Republican,1,TX,22,0.2858418183402711
"TLAIB, RASHIDA",Democrat,0,MI,12,0.8945454130545992
"TONKO, PAUL DAVID",Democrat,0,NY,20,0.86262100953954
"TORRES, JERRY",Republican,1,FL,14,0.9425394192166439
"TORRES, NORMA",Democrat,0,CA,35,0.8723533103643053
"TRAHAN, LORI",Democrat,0,MA,3,0.8536367819551972
"TRAN, DEAN",Republican,1,MA,3,0.8967467807328593
"TROUTEN, BRYAN",Republican,1,MI,5,0.9104873895264392
"TRUMAN, JACK",Democrat,0,MO,4,0.05993050019835544
"TUNNELL, KEZIA",Republican,1,VA,8,0.9015756500571503
"TURNER, MICHAEL R REP.",Republican,1,OH,10,0.897016509309341
"UNDERWOOD, LAUREN",Democrat,0,IL,14,0.8493709486643929
"UPTON, FREDERICK STEPHEN",Republican,1,MI,6,0.6631747961056667
"VALLEJO, MICHELLE",Democrat,0,TX,15,0.7681318041321924
"VAN DREW, JEFF MR",Republican,1,NJ,2,0.8988658673815688
"VAN DUYNE, ELIZABETH ANN",Republican,1,TX,24,0.9185045021487916
"VAN ORDEN, DERRICK F. MR.",Republican,1,WI,3,0.9447875900603768
"VAN SOMEREN, MIKE",Democrat,0,WI,5,0.5787279104277954
"VARGAS, ANTHONY 'TONY'",Democrat,0,NE,2,0.7978897820886379
"VARGAS, JUAN C.",Democrat,0,CA,52,0.8490737508233872
"VASQUEZ, GABRIEL",Democrat,0,NM,2,0.8463005369360114
"VEASEY, MARC ALLISON",Democrat,0,TX,33,0.8941064301801999
"VELA, FILEMON",Democrat,0,TX,34,0.7999682297490888
"VELAZQUEZ, NYDIA M.",Democrat,0,NY,7,0.8941401117181089
"VILELA, AMY",Democrat,0,NV,1,0.8429268432605012
"VIRASINGH, VICTORIA",Democrat,0,VA,8,0.6056449156202152
"VON KRIEG, BIANCA MS.",Democrat,0,CA,11,0.6986100413115057
"VOYLES, SUSAN",Republican,1,GA,6,0.8995589846496108
"WAGNER, ANN L.",Republican,1,MO,2,0.9126994400360866
"WAGNER, CLAY",Republican,1,MS,4,0.40938101558387663
"WALBERG, TIMOTHY L REP",Republican,1,MI,5,0.9124592850800632
"WALDMAN, AMANDA",Democrat,0,PA,9,0.8446292651433899
"WALKER, ALEX",Democrat,0,CO,3,0.44630411195832553
"WALKER, KIMBERLY H MS",Democrat,0,FL,12,0.605122329190355
"WALKER, PAUL D",Republican,1,MO,7,0.8963381361662432
"WALLACE, DAVID D II..",Republican,1,MD,2,0.8652400363357933
"WALLACE, DAVID DRAIN II",Republican,1,MD,2,0.8652400363357933
"WARD, ASHLEY",Democrat,0,NC,4,0.8497273953182143
"WARDYNSKI, CASEY",Republican,1,AL,5,0.9077119653566141
"WARNER-STANTON, KATHY L",Democrat,0,AL,5,0.41837098142479634
"WASSERMAN SCHULTZ, DEBBIE",Democrat,0,FL,25,0.8872045737497255
"WATERS, JUSTIN JAMES MR.",Republican,1,FL,3,0.8979573251188515
"WATERS, MAXINE MS",Democrat,0,CA,43,0.8481809706691998
"WATKINS, RICHARD LEE DR.",Democrat,0,NC,4,0.8679241458494281
"WEBBER, ERROL",Republican,1,CA,47,0.848213236845458
"WEBER, RANDY",Republican,1,TX,14,0.9381887979735861
"WEBSTER, DANIEL",Republican,1,FL,11,0.8555830156422768
"WEILER, TOM",Republican,1,MN,3,0.9422077312214265
"WELCH, PETER",Democrat,0,VT,0,0.8722475007296588
"WELLINGTON, JESSICA",Republican,1,TX,8,0.3077264454507913
"WELLS, TOM BECKWITH DR.",Democrat,0,FL,3,0.2334362581162135
"WENDELL, BARRY LEE MR.",Democrat,0,WV,2,0.6258391148326465
"WENSTRUP, BRAD DR.",Republican,1,OH,2,0.884830965696032
"WEST, CHARLES",Democrat,0,MO,6,0.022358291319321544
"WESTERMAN, BRUCE",Republican,1,AR,4,0.8984309707693103
"WEXTON, JENNIFER",Democrat,0,VA,10,0.8661467577156345
"WHEELESS, TANYA CONTRERAS",Republican,1,AZ,4,0.8906285930080879
"WHICHARD, TAYLOR MARSHALL IV",Republican,1,TX,8,0.8955106791315173
"WHITE, PHILANISE",Republican,1,IL,1,0.23229053414594358
"WHITE, WAYNE C",Democrat,0,GA,6,0.3772757971744931
"WHITEHEAD, PAUL",Republican,1,GA,2,0.8238068377358794
"WHITTEN, SANDRA LINN MRS.",Republican,1,TX,28,0.8608378964828107
"WILD, SUSAN",Democrat,0,PA,7,0.8617054959277828
"WILKES, MCKAYLA NICOLLETTE",Democrat,0,MD,5,0.8662005994777576
"WILKINSON, BRANDON",Republican,1,MO,3,0.9249219888915932
"WILLIAMS, BRANDON MCDONALD",Republican,1,NY,22,0.6831546773409052
"WILLIAMS, MARSHA VIRIGINIA",Democrat,0,IL,17,0.8421990668265934
"WILLIAMS, NIKEMA N.",Democrat,0,GA,5,0.8696318169222801
"WILLIAMS, ROGER",Republican,1,TX,25,0.9294695150577332
"WILLIAMS, ROY HAROLD MR. JR",Democrat,0,TX,30,0.19814435816613307
"WILLIAMS, SKYLAR",Democrat,0,MT,2,0.8547905944630514
"WILSON, FREDERICA S.",Democrat,0,FL,24,0.8681295859226491
"WILSON, JOE THE HON.",Republican,1,SC,2,0.8807833106386009
"WIMBISH, CALVIN B MR",Republican,1,FL,10,0.8880633275230252
"WINSTEAD, KURT",Republican,1,TN,5,0.9156587016979529
"WINTER, THOMAS",Democrat,0,MT,1,0.22464633208454188
"WIRTH, CLAIRE",Republican,1,KY,4,0.9388538871963978
"WIRTH, CYNTHIA",Democrat,0,IN,6,0.8653721565675019
"WITTMAN, ROBERT J. MR.",Republican,1,VA,1,0.915474666576449
"WOMACK, STEPHEN A THE HON",Republican,1,AR,3,0.9127075751445928
"WOOD, MARISA",Democrat,0,CA,20,0.8270724529914184
"WOODHOUSE, MICHELE V",Republican,1,NC,11,0.9293884986210263
"XIONG, YAN",Democrat,0,NY,10,0.8455498414896122
"YARMUTH, JOHN",Democrat,0,KY,3,0.8425368375362197
"YETTER, JOSEPH FREDERICK III",Democrat,0,OR,2,0.6469330517136516
"ZAKARIA, JOSEPH KUAL MR.",Democrat,0,NE,1,0.2861775616173706
"ZAPATA, CLAUDIA ANDREANA",Democrat,0,TX,21,0.8838052221584479
"ZIMMERMAN, ROBERT",Democrat,0,NY,3,0.8454397591868911
"ZINK, JEFFREY NELSON MR",Republican,1,AZ,3,0.8822326521521651
"ZINKE, RYAN K",Republican,1,MT,1,0.9435452451335091
"ZMICH, THOMAS",Republican,1,NY,6,0.6421519834660909
"ZUMBLUSKAS, MICHAEL K MR.",Republican,1,NY,12,0.4177524035414204
"ADERHOLT, ROBERT B. REP.",Republican,1,AL,4,0.9623216055074757
"AHMED, JUNAID",Democrat,0,IL,8,0.8228336071934071
"ALFORD, MARK",Republican,1,MO,4,0.9805939591102397
"ALLAM, NIDA",Democrat,0,NC,4,0.948622561903285
"ALONSO LEON, TERESA",Democrat,0,OR,6,0.6016340741786392
"AMATA, AUMUA",Republican,1,AS,0,0.38531132592416206
"AMBROSE, NICOLEE",Republican,1,MD,2,1
"ANANTATMULA, MANGA",Republican,1,VA,11,0.39567026412897066
"ANDREWS, ANNIE DR.",Democrat,0,SC,1,0.8605950952651462
"ARRAF, HUWAIDA",Democrat,0,MI,10,0.8153818171237777
"ARRINGTON, KATIE",Republican,1,SC,1,0.9523665790338955
"ATHOLI, ADITYA",Republican,1,TX,1,0.8127900866766351
"AXNE, CINDY",Democrat,0,IA,3,0.8951454442651232
"BALINT, REBECCA 'BECCA'",Democrat,0,VT,0,1
"BARKLEY, MICHAEL JAMES MR.",Democrat,0,CA,5,0.35241571852785625
"BARRETT, THOMAS MORE",Republican,1,MI,7,0.982066401056132
"BAXTER, TIM",Republican,1,NH,1,0.8927878036189114
"BEACH-FERRARA, JASMINE",Democrat,0,NC,11,0.8019687959384518
"BECKWITH, DAVID",Republican,1,VA,10,0.22639207158388208
"BEYER, DONALD STERNOFF JR.",Democrat,0,VA,8,0.718135887438335
"BICE, STEPHANIE",Republican,1,OK,5,0.9427113654079189
"BISHOP, JAMES DANIEL",Republican,1,NC,8,0.9087151270916918
"BOEBERT, LAUREN",Republican,1,CO,3,0.9285566576072262
"BRADY, KEVIN",Republican,1,TX,8,0.9220471200633529
"BRISCOE, JOHN",Republican,1,CA,42,0.8607379247256963
"BROOKS, MO",Republican,1,AL,5,0.9139160744467647
"BROUN, PAUL",Republican,1,GA,10,0.6352893420490533
"BROWN, M SHONTEL",Democrat,0,OH,11,0.697272876051661
"BURCHETT, TIM",Republican,1,TN,2,0.9076042708685279
"BURGESS, MICHAEL C. DR.",Republican,1,TX,26,0.8982510189450768
"BUSTOS, CHERI",Democrat,0,IL,17,0.77794542910481
"BUTLER, DARRIUS MAURICE",Democrat,0,GA,8,0.6285877498487852
"CARBAJAL, SALUD O.",Democrat,0,CA,24,0.8710304717825992
"CARTER, JOHN R REP.",Republican,1,TX,31,0.9238131586350815
"CARTER, TROY A. SR.",Democrat,0,LA,2,0.9226717258456307
"CASAR, GREG",Democrat,0,TX,35,0.8804370902061189
"CASE, EDWARD",Democrat,0,HI,1,0.6641306061032426
"CHAVEZ-DEREMER, LORI",Republican,1,OR,5,0.8103057257400104
"CHIMA, HARPREET SINGH",Democrat,0,CA,9,0.6365683823198948
"CISCOMANI, JUAN",Republican,1,AZ,6,0.9060600972634087
"CLARK, BEN",Democrat,0,NC,9,0.6681291912451031
"CLYDE, ANDREW",Republican,1,GA,9,0.8935918146231752
"COGBILL, MICHAEL",Democrat,0,PA,3,0.8450672788642059
"COLE, TOM",Republican,1,OK,4,0.8496956072516746
"COLLINS, JOE E III",Republican,1,CA,36,0.9308414996448184
"COOKE, REBECCA",Democrat,0,WI,3,0.8773900351788101
"COSTA, JIM",Democrat,0,CA,21,0.866381079730389
"CROCKETT, JASMINE",Democrat,0,TX,30,0.7014175885064933
"DASHEVSKY, YURI MR",Republican,1,NY,8,0.6819674538191647
"DAVIDS, SHARICE",Democrat,0,KS,3,0.8331607175570861
"DELBENE, SUZAN K",Democrat,0,WA,1,0.8260351978274822
"DHAHIR, ADNAN",Democrat,0,IN,8,0.7401660494067506
"DIAZ-BALART, MARIO",Republican,1,FL,26,0.8688134617607837
"DIEMER, MATTHEW",Democrat,0,OH,7,0.34409100374020374
"DIXON, ARTHUR",Democrat,0,TX,30,0.021850329440187277
"DOYLE, MICHAEL",Democrat,0,PA,18,0.8658219483606402
"ELLIS, THERESA COATES MS",Republican,1,VA,10,0.6420973517662965
"ELLZEY, JOHN KEVIN SR.",Republican,1,TX,6,0.96998735498661
"ENGDAHL, ANDREW DAVID",Democrat,0,CA,4,0.5796169255038388
"ENGQUIST, THEODORE",Republican,1,VA,3,0.9429341345409055
"EVANS, JERRY",Republican,1,IL,11,0.8512844290731656
"FLOOD, MIKE",Republican,1,NE,1,0.9270214545497049
"FLOWERS, MARCUS",Democrat,0,GA,14,0.29432344550154843
"FOUSHEE, VALERIE",Democrat,0,NC,4,0.8704665849680728
"FOX, JOY",Democrat,0,RI,2,0.7965819216613277
"FOXX, VIRGINIA ANN",Republican,1,NC,5,0.9304943298011628
"FRANCIS, QUANDA",Democrat,0,NY,10,0.5289321515681551
"GALLEGO, RUBEN",Democrat,0,AZ,3,0.8664010002803119
"GALLUCH, DAVID",Republican,1,PA,5,0.29212687801809145
"GARCIA, CRISTINA",Democrat,0,CA,42,0.7885436864928291
"GARCIA, MICHAEL",Republican,1,CA,27,0.8473626655682456
"GASKINS, BARBARA D MS.",Democrat,0,NC,3,0.8109427842643309
"GILLEN, LAURA",Democrat,0,NY,4,0.8012890856728105
"GOLDEN, JARED",Democrat,0,ME,2,0.2689233384149212
"GORMAN, MARY",Democrat,0,TN,3,0.8857623506843645
"GRAY, STEVEN SCOTT MR.",Republican,1,NJ,4,0.990633363618882
"GRAY, TERENCE R MR. I",Democrat,0,FL,10,0.8048371648882914
"GREEN, ALEXANDER",Democrat,0,TX,9,0.7572224982307297
"GREEN, KAREN REV. DR.",Democrat,0,FL,7,0.025776524893626362
"GRIMES, DEMETRIES ANDREW CDR USN RET",Republican,1,FL,15,0.8641452906994571
"GUNBY, PATRICIA WASHBURN",Democrat,0,MO,2,0.8720176950314958
"HARDER, JOSH",Democrat,0,CA,9,0.2847667075634345
"HARRIS, ANDREW P",Republican,1,MD,1,0.9061596641215053
"HARVEY-HALL, PHYLLIS",Democrat,0,AL,2,0.6834477406373822
"HEINES, MATTHEW",Republican,1,WA,1,0.6183222402545276
"HILL, NATASHA",Democrat,0,WA,5,0.8776864539641616
"HINES, ROBERT NICHOLAS",Republican,1,NC,13,0.9064631352356491
"HODGE, JEVIN D",Democrat,0,AZ,1,0.811887483441636
"HORSFORD, STEVEN ALEXZANDER",Democrat,0,NV,4,0.8882589951630955
"HOYER, STENY",Democrat,0,MD,5,0.7880374480641059
"HUBBARD, LOURIN",Democrat,0,CA,22,0.7909485586774571
"HUIZENGA, WILLIAM P",Republican,1,MI,4,0.9202174837856287
"HUNT, JEREMY",Republican,1,GA,2,0.6975694317124934
"IMER, LAUREL ANNE",Republican,1,CO,7,0.7768426377019408
"ISSA, DARRELL",Republican,1,CA,48,0.9205102462145325
"JEFFRIES, HAKEEM",Democrat,0,NY,8,0.10809696841098582
"JOHNSON, EDDIE BERNICE",Democrat,0,TX,30,0.9072113413718547
"JONES, ANDREW M JR",Republican,1,MO,1,0.7590848032507964
"KALE, ANDREA DORIA",Democrat,0,FL,17,0.048184586285341835
"KAMLAGER, SYDNEY",Democrat,0,CA,37,0.9293770386023603
"KHANNA, ROHIT",Democrat,0,CA,17,0.8105425682944483
"KILBOY, MATTHEW",Democrat,0,OH,14,0.9007365977096186
"KILDEE, DANIEL T",Democrat,0,MI,8,0.868889828633338
"KILMER, DEREK",Democrat,0,WA,6,0.9182888203432656
"KINZINGER, ADAM",Republican,1,IL,16,0.11211221775785352
"KISTNER, TYLER",Republican,1,MN,2,0.8196215919210434
"KRISHNAMOORTHI, S. RAJA",Democrat,0,IL,8,0.8249717077790998
"LAHOOD, DARIN MCKAY",Republican,1,IL,16,0.8516121044798624
"LAIBLE, STEVE WILLIAM",Democrat,0,OR,4,0.8398775328566248
"LANGEVIN, JAMES R HONORABLE",Democrat,0,RI,2,0.8398875210192298
"LANGWORTHY, NICK",Republican,1,NY,23,0.9436980909676762
"LARKIN, MATT MR",Republican,1,WA,8,0.3774674182090565
"LATTA, ROBERT EDWARD",Republican,1,OH,5,0.85658609676231
"LEE, DENTON",Democrat,0,NC,13,0.28482572222990177
"LEE, TYLER",Republican,1,NC,12,0.9225253323097102
"LEGER FERNANDEZ, TERESA",Democrat,0,NM,3,0.849180156198827
"LINDERMAN, HANK",Democrat,0,KY,2,0.14438201618755775
"LOWRY, ROBERT DR.",Republican,1,TX,21,0.17851149947212197
"LYNCH, STEPHEN",Democrat,0,MA,8,0.7683050621800467
"MAHMOOD, ASIF DR.",Democrat,0,CA,40,0.924643450513676
"MANN, BETHANY EILEEN",Democrat,0,MO,3,0.8201492384702024
"MARON, MAUD",Democrat,0,NY,10,0.5653761148497759
"MARTER, JAMES THOMAS",Republican,1,IL,14,0.8336700890549305
"MARTIN, HENRY ROBERT",Democrat,0,MO,6,0.3299641037296518
"MARYOTT, BRIAN L MR",Republican,1,CA,49,0.8473212058164361
"MASSIE, THOMAS H.",Republican,1,KY,4,0.11814223369882781
"MATTAMMAL, GUS",Republican,1,CA,15,0.028336469025166955
"MCCARTHY, KEVIN",Republican,1,CA,20,0.9062093947771384
"MCCAUL, MICHAEL",Republican,1,TX,10,0.9215005824994591
"MCCOLLUM, BETTY",Democrat,0,MN,4,0.8881974717874461
"MCEACHIN, ASTON DONALD",Democrat,0,VA,4,0.6941919650152251
"MCKAUGHAN, DANIEL CREGG",Republican,1,TX,8,0.026560216284756688
"MENG, GRACE",Democrat,0,NY,6,0.8601118073067885
"MILLER, STEPHEN",Democrat,0,NC,7,0.22889728393972075
"MILLS, CORY",Republican,1,FL,7,0.9240757765899992
"MOOLENAAR, JOHN MR.",Republican,1,MI,2,0.8386406829995547
"MOONEY, ALEXANDER XAVIER",Republican,1,WV,2,0.9280869236765701
"MULLIN, KEVIN",Democrat,0,CA,15,0.7835917670011838
"MULLIN, MARKWAYNE MR.",Republican,1,OK,2,0.9440109286729639
"MULUGHETA, ABEL",Democrat,0,TX,30,0.16828868508767436
"MURPHY, GREGORY FRANCIS DR.",Republican,1,NC,3,0.9381091504961465
"NALBANDIAN, JOHNNY",Republican,1,CA,30,0.8099876600388614
"NEHLS, TROY",Republican,1,TX,22,0.9195473654786714
"NICK, LALOTA",Republican,1,NY,1,0.9151170420251853
"NORMAN, RALPH W. JR.",Republican,1,SC,5,0.9350601433614936
"OBERNOLTE, JAY",Republican,1,CA,23,0.525463422716306
"OLIVO, CHRISTINE ALEXANDRIA",Democrat,0,FL,26,0.3276029240299625
"PALLONE, FRANK JR",Democrat,0,NJ,6,0.829210912121761
"PASCRELL, WILLIAM J. JR.",Democrat,0,NJ,9,0.648151669653907
"PASTRANA, ALLEK",Democrat,0,FL,7,0.6136029019668794
"PETERSON, DAVID",Democrat,0,CA,3,0.17396690118282998
"PFLUGER, AUGUST LEE II",Republican,1,TX,11,0.930182763348427
"PLASKETT, STACEY",Democrat,0,VI,0,0.7744875398872976
"PLOWHEAD, ANGELA",Republican,1,OR,6,0.27409128480680733
"POCAN, MARK",Democrat,0,WI,2,0.8987080468134153
"PORTER, KATHERINE",Democrat,0,CA,47,0.8303798480147646
"RAMOS, JAVIER GARCIA MR.",Democrat,0,AZ,5,0.7964645817641868
"ROBERTS, JOHN",Republican,1,AL,5,0.8947343977110278
"ROBERTS, STEVEN C",Democrat,0,MO,1,0.4350309876835131
"ROSS, DEBORAH",Democrat,0,NC,2,0.8998424447816137
"RUTSCH, EDWIN",Democrat,0,CA,8,0.04348996990923637
"RYAN, TIMOTHY",Democrat,0,OH,13,0.8614745759787544
"SCOTT, ROBERT C",Democrat,0,VA,3,0.7573202567604913
"SEGAL, DAVID",Democrat,0,RI,2,0.7777309264769678
"SELLERS, DAVID",Democrat,0,MS,4,0.8369224840666731
"SHAHEEN, JACOB LEWIS",Republican,1,LA,3,0.051348609933451916
"SHELTON, ALISHA",Democrat,0,NE,2,0.9328462200804538
"SHERRILL, MIKIE",Democrat,0,NJ,11,0.9070644222578358
"SIDDIQUI, IMRAN",Democrat,0,FL,20,0.4787992798578937
"SITES, JEFFREY ALAN",Democrat,0,OH,4,0.1554995324546926
"SLOTKIN, ELISSA",Democrat,0,MI,7,0.5618918476440267
"SOSSA-PAQUETTE, JEFF",Republican,1,MA,2,0.679587423366778
"SPARTZ, VICTORIA",Republican,1,IN,5,0.6551374069714215
"SPINNEY, BILL",Republican,1,CA,39,0.6042647375173322
"STEEL, MICHELLE",Republican,1,CA,45,0.511100489714956
"STEUBE, GREG",Republican,1,FL,17,0.9312760567120713
"STROUD, TIMOTHY",Republican,1,TX,7,0.6972142797684793
"STURGILL, SCOTT",Republican,1,FL,7,0.8782435547750818
"SWAD, ANTONIO",Republican,1,TX,32,0.9560417836233213
"SWANK, KEITH ROLAND",Republican,1,WA,10,0.865392492379959
"TAITANO, KYLIE",Democrat,0,CA,50,0.9560330207378407
"TAKANO, MARK",Democrat,0,CA,39,0.8641566855312702
"TANDON, RITESH",Republican,1,CA,17,0.34376945883023335
"TENNEY, CLAUDIA",Republican,1,NY,24,0.8861616623338187
"THANEDAR, SHRI",Democrat,0,MI,13,0.9611544146786024
"THELANDER, EDWIN F MR.",Republican,1,ME,1,0.5049233885570692
"THOMPSON, BENNIE G.",Democrat,0,MS,2,0.5376866229793411
"THRONEBURG, JOSHUA",Democrat,0,VA,5,0.9239198213401607
"TIMMONS, WILLIAM R IV",Republican,1,SC,4,0.90801536354215
"TITUS, DINA",Democrat,0,NV,1,0.8966499478546119
"TOKUDA, JILL NAOMI",Democrat,0,HI,2,0.7735174482142346
"TORRES, RITCHIE JOHN",Democrat,0,NY,15,0.9111815236648954
"TRANEL, MONICA",Democrat,0,MT,1,0.9177219660369533
"TRONE, DAVID",Democrat,0,MD,6,0.8831755662911244
"VALADAO, DAVID",Republican,1,CA,22,0.25939432439745835
"VEGA, YESLI",Republican,1,VA,7,0.9136902074492592
"VILLAVERDE, CHRISTINE",Republican,1,NC,2,0.9364319075434249
"WALORSKI SWIHART, JACKIE",Republican,1,IN,2,0.903819555879267
"WALTZ, MICHAEL",Republican,1,FL,6,0.8434691445805407
"WEST, MATTHEW",Democrat,0,OR,6,0.8576060629853759
"WHEELER, BILL",Republican,1,WA,2,0.3495979563317422
"WILLIAMS, LILY TANG",Republican,1,NH,2,0.42736293573322026
"WOODMAN, JOHN M.",Democrat,0,MO,7,0.8119597739261775
"YANEZ, HENRY",Democrat,0,MI,10,0.0435343371208462
"ZIMM, CHRISTIAN GERARD",Republican,1,GA,5,0.157704401303444
